[2025-05-18 12:21:02Z INFO HostContext] No proxy settings were found based on environmental variables (http_proxy/https_proxy/HTTP_PROXY/HTTPS_PROXY)
[2025-05-18 12:21:02Z INFO HostContext] Well known directory 'Bin': 'D:\facultate\idp\IDP_PROJECT\actions-runner\bin'
[2025-05-18 12:21:02Z INFO HostContext] Well known directory 'Root': 'D:\facultate\idp\IDP_PROJECT\actions-runner'
[2025-05-18 12:21:02Z INFO HostContext] Well known config file 'Credentials': 'D:\facultate\idp\IDP_PROJECT\actions-runner\.credentials'
[2025-05-18 12:21:02Z INFO HostContext] Well known directory 'Bin': 'D:\facultate\idp\IDP_PROJECT\actions-runner\bin'
[2025-05-18 12:21:02Z INFO HostContext] Well known directory 'Root': 'D:\facultate\idp\IDP_PROJECT\actions-runner'
[2025-05-18 12:21:02Z INFO HostContext] Well known config file 'Runner': 'D:\facultate\idp\IDP_PROJECT\actions-runner\.runner'
[2025-05-18 12:21:02Z INFO Listener] Runner is built for Windows (X64) - win-x64.
[2025-05-18 12:21:02Z INFO Listener] RuntimeInformation: Microsoft Windows 10.0.26100.
[2025-05-18 12:21:02Z INFO Listener] Version: 2.324.0
[2025-05-18 12:21:02Z INFO Listener] Commit: da3412efd49b1cf1a0fbdcbcee4e4ac4cc2177c8
[2025-05-18 12:21:02Z INFO Listener] Culture: en-150
[2025-05-18 12:21:02Z INFO Listener] UI Culture: en-US
[2025-05-18 12:21:02Z INFO HostContext] Well known directory 'Bin': 'D:\facultate\idp\IDP_PROJECT\actions-runner\bin'
[2025-05-18 12:21:02Z INFO HostContext] Well known directory 'Root': 'D:\facultate\idp\IDP_PROJECT\actions-runner'
[2025-05-18 12:21:02Z INFO Listener] Validating directory permissions for: 'D:\facultate\idp\IDP_PROJECT\actions-runner'
[2025-05-18 12:21:02Z INFO CommandLineParser] Parse
[2025-05-18 12:21:02Z INFO CommandLineParser] Parsing 1 args
[2025-05-18 12:21:02Z INFO CommandLineParser] parsing argument
[2025-05-18 12:21:02Z INFO CommandLineParser] HasArgs: False
[2025-05-18 12:21:02Z INFO CommandLineParser] Adding Command: run
[2025-05-18 12:21:02Z INFO Listener] Arguments parsed
[2025-05-18 12:21:02Z INFO Runner] ExecuteCommand
[2025-05-18 12:21:02Z INFO ConfigurationStore] currentAssemblyLocation: D:\facultate\idp\IDP_PROJECT\actions-runner\bin\Runner.Listener.dll
[2025-05-18 12:21:02Z INFO HostContext] Well known directory 'Bin': 'D:\facultate\idp\IDP_PROJECT\actions-runner\bin'
[2025-05-18 12:21:02Z INFO ConfigurationStore] binPath: D:\facultate\idp\IDP_PROJECT\actions-runner\bin
[2025-05-18 12:21:02Z INFO HostContext] Well known directory 'Bin': 'D:\facultate\idp\IDP_PROJECT\actions-runner\bin'
[2025-05-18 12:21:02Z INFO HostContext] Well known directory 'Root': 'D:\facultate\idp\IDP_PROJECT\actions-runner'
[2025-05-18 12:21:02Z INFO ConfigurationStore] RootFolder: D:\facultate\idp\IDP_PROJECT\actions-runner
[2025-05-18 12:21:02Z INFO HostContext] Well known directory 'Bin': 'D:\facultate\idp\IDP_PROJECT\actions-runner\bin'
[2025-05-18 12:21:02Z INFO HostContext] Well known directory 'Root': 'D:\facultate\idp\IDP_PROJECT\actions-runner'
[2025-05-18 12:21:02Z INFO HostContext] Well known config file 'Runner': 'D:\facultate\idp\IDP_PROJECT\actions-runner\.runner'
[2025-05-18 12:21:02Z INFO ConfigurationStore] ConfigFilePath: D:\facultate\idp\IDP_PROJECT\actions-runner\.runner
[2025-05-18 12:21:02Z INFO HostContext] Well known directory 'Bin': 'D:\facultate\idp\IDP_PROJECT\actions-runner\bin'
[2025-05-18 12:21:02Z INFO HostContext] Well known directory 'Root': 'D:\facultate\idp\IDP_PROJECT\actions-runner'
[2025-05-18 12:21:02Z INFO HostContext] Well known config file 'MigratedRunner': 'D:\facultate\idp\IDP_PROJECT\actions-runner\.runner_migrated'
[2025-05-18 12:21:02Z INFO ConfigurationStore] MigratedConfigFilePath: D:\facultate\idp\IDP_PROJECT\actions-runner\.runner_migrated
[2025-05-18 12:21:02Z INFO HostContext] Well known directory 'Bin': 'D:\facultate\idp\IDP_PROJECT\actions-runner\bin'
[2025-05-18 12:21:02Z INFO HostContext] Well known directory 'Root': 'D:\facultate\idp\IDP_PROJECT\actions-runner'
[2025-05-18 12:21:02Z INFO HostContext] Well known config file 'Credentials': 'D:\facultate\idp\IDP_PROJECT\actions-runner\.credentials'
[2025-05-18 12:21:02Z INFO ConfigurationStore] CredFilePath: D:\facultate\idp\IDP_PROJECT\actions-runner\.credentials
[2025-05-18 12:21:02Z INFO HostContext] Well known directory 'Bin': 'D:\facultate\idp\IDP_PROJECT\actions-runner\bin'
[2025-05-18 12:21:02Z INFO HostContext] Well known directory 'Root': 'D:\facultate\idp\IDP_PROJECT\actions-runner'
[2025-05-18 12:21:02Z INFO HostContext] Well known config file 'MigratedCredentials': 'D:\facultate\idp\IDP_PROJECT\actions-runner\.credentials_migrated'
[2025-05-18 12:21:02Z INFO ConfigurationStore] MigratedCredFilePath: D:\facultate\idp\IDP_PROJECT\actions-runner\.credentials_migrated
[2025-05-18 12:21:02Z INFO HostContext] Well known directory 'Bin': 'D:\facultate\idp\IDP_PROJECT\actions-runner\bin'
[2025-05-18 12:21:02Z INFO HostContext] Well known directory 'Root': 'D:\facultate\idp\IDP_PROJECT\actions-runner'
[2025-05-18 12:21:02Z INFO HostContext] Well known config file 'Service': 'D:\facultate\idp\IDP_PROJECT\actions-runner\.service'
[2025-05-18 12:21:02Z INFO ConfigurationStore] ServiceConfigFilePath: D:\facultate\idp\IDP_PROJECT\actions-runner\.service
[2025-05-18 12:21:02Z INFO CommandSettings] Flag 'help': 'False'
[2025-05-18 12:21:02Z INFO CommandSettings] Flag 'version': 'False'
[2025-05-18 12:21:02Z INFO CommandSettings] Flag 'commit': 'False'
[2025-05-18 12:21:02Z INFO CommandSettings] Flag 'check': 'False'
[2025-05-18 12:21:02Z INFO CommandSettings] Command 'configure': 'False'
[2025-05-18 12:21:02Z INFO CommandSettings] Command 'remove': 'False'
[2025-05-18 12:21:02Z INFO CommandSettings] Command 'warmup': 'False'
[2025-05-18 12:21:02Z INFO ConfigurationManager] LoadSettings
[2025-05-18 12:21:02Z INFO ConfigurationStore] IsConfigured()
[2025-05-18 12:21:02Z INFO ConfigurationStore] IsConfigured: True
[2025-05-18 12:21:02Z INFO ConfigurationManager] Is configured: True
[2025-05-18 12:21:02Z INFO ConfigurationStore] Read setting file: 303 chars
[2025-05-18 12:21:02Z INFO ConfigurationManager] Settings Loaded
[2025-05-18 12:21:02Z INFO ConfigurationStore] IsServiceConfigured()
[2025-05-18 12:21:02Z INFO ConfigurationStore] IsServiceConfigured: False
[2025-05-18 12:21:02Z INFO CommandSettings] Command 'run': 'True'
[2025-05-18 12:21:02Z INFO ConfigurationStore] IsConfigured()
[2025-05-18 12:21:02Z INFO ConfigurationStore] IsConfigured: True
[2025-05-18 12:21:02Z INFO ConfigurationManager] Is configured: True
[2025-05-18 12:21:02Z INFO Runner] Could not parse the argument value '' for StartupType. Defaulting to Manual
[2025-05-18 12:21:02Z INFO Runner] Set runner startup type - Manual
[2025-05-18 12:21:02Z INFO CommandSettings] Flag 'once': 'False'
[2025-05-18 12:21:02Z INFO CommandSettings] Flag 'once': 'False'
[2025-05-18 12:21:02Z INFO Runner] RunAsync
[2025-05-18 12:21:02Z INFO ConfigurationManager] LoadMigratedSettings
[2025-05-18 12:21:02Z INFO ConfigurationStore] IsMigratedConfigured()
[2025-05-18 12:21:02Z INFO ConfigurationStore] IsMigratedConfigured: False
[2025-05-18 12:21:02Z INFO Runner] Failed to load migrated settings: No migrated configuration found.
[2025-05-18 12:21:02Z INFO Runner] Falling back to original .runner settings
[2025-05-18 12:21:02Z INFO ConfigurationManager] LoadSettings
[2025-05-18 12:21:02Z INFO ConfigurationStore] IsConfigured()
[2025-05-18 12:21:02Z INFO ConfigurationStore] IsConfigured: True
[2025-05-18 12:21:02Z INFO ConfigurationManager] Is configured: True
[2025-05-18 12:21:02Z INFO ConfigurationManager] Settings Loaded
[2025-05-18 12:21:02Z INFO MessageListener] {
  "AgentId": 21,
  "AgentName": "ULTRALNV",
  "PoolId": 1,
  "PoolName": "Default",
  "ServerUrl": "https://pipelinesghubeus8.actions.githubusercontent.com/7cYJL3xbALoMulBil2ICtXqPY1V98TCNAgQIGmmECzN8fQPJv9/",
  "GitHubUrl": "https://github.com/ultracln/IDP_PROJECT",
  "WorkFolder": "_work"
}
[2025-05-18 12:21:02Z INFO MessageListener] Loading Credentials
[2025-05-18 12:21:02Z INFO ConfigurationStore] HasCredentials()
[2025-05-18 12:21:02Z INFO ConfigurationStore] stored True
[2025-05-18 12:21:02Z INFO CredentialManager] GetCredentialProvider
[2025-05-18 12:21:02Z INFO CredentialManager] Creating type OAuth
[2025-05-18 12:21:02Z INFO CredentialManager] Creating credential type: OAuth
[2025-05-18 12:21:02Z INFO HostContext] Well known directory 'Bin': 'D:\facultate\idp\IDP_PROJECT\actions-runner\bin'
[2025-05-18 12:21:02Z INFO HostContext] Well known directory 'Root': 'D:\facultate\idp\IDP_PROJECT\actions-runner'
[2025-05-18 12:21:02Z INFO HostContext] Well known config file 'RSACredentials': 'D:\facultate\idp\IDP_PROJECT\actions-runner\.credentials_rsaparams'
[2025-05-18 12:21:02Z INFO RSAEncryptedFileKeyManager] Loading RSA key parameters from file D:\facultate\idp\IDP_PROJECT\actions-runner\.credentials_rsaparams
[2025-05-18 12:21:02Z INFO MessageListener] Attempt to create session.
[2025-05-18 12:21:02Z INFO MessageListener] Connecting to the Runner Server...
[2025-05-18 12:21:02Z INFO RunnerServer] EstablishVssConnection
[2025-05-18 12:21:02Z INFO RunnerServer] Establish connection with 100 seconds timeout.
[2025-05-18 12:21:02Z INFO GitHubActionsService] Starting operation Location.GetConnectionData
[2025-05-18 12:21:02Z INFO RunnerServer] EstablishVssConnection
[2025-05-18 12:21:02Z INFO RunnerServer] Establish connection with 60 seconds timeout.
[2025-05-18 12:21:02Z INFO GitHubActionsService] Starting operation Location.GetConnectionData
[2025-05-18 12:21:02Z INFO RunnerServer] EstablishVssConnection
[2025-05-18 12:21:02Z INFO RunnerServer] Establish connection with 60 seconds timeout.
[2025-05-18 12:21:02Z INFO GitHubActionsService] Starting operation Location.GetConnectionData
[2025-05-18 12:21:03Z INFO GitHubActionsService] Finished operation Location.GetConnectionData
[2025-05-18 12:21:03Z INFO GitHubActionsService] Finished operation Location.GetConnectionData
[2025-05-18 12:21:03Z INFO GitHubActionsService] Finished operation Location.GetConnectionData
[2025-05-18 12:21:03Z INFO MessageListener] VssConnection created
[2025-05-18 12:21:03Z INFO Terminal] WRITE LINE: 
[2025-05-18 12:21:03Z INFO Terminal] WRITE LINE: 
[2025-05-18 12:21:03Z INFO RSAEncryptedFileKeyManager] Loading RSA key parameters from file D:\facultate\idp\IDP_PROJECT\actions-runner\.credentials_rsaparams
[2025-05-18 12:21:03Z INFO RSAEncryptedFileKeyManager] Loading RSA key parameters from file D:\facultate\idp\IDP_PROJECT\actions-runner\.credentials_rsaparams
[2025-05-18 12:21:03Z INFO GitHubActionsService] AAD Correlation ID for this token request: Unknown
[2025-05-18 12:21:04Z INFO MessageListener] Session created.
[2025-05-18 12:21:04Z INFO MessageListener] Registering AuthMigrationChanged event handler.
[2025-05-18 12:21:04Z INFO Terminal] WRITE LINE: Current runner version: '2.324.0'
[2025-05-18 12:21:04Z INFO Terminal] WRITE LINE: 2025-05-18 12:21:04Z: Listening for Jobs
[2025-05-18 12:21:04Z INFO JobDispatcher] Set runner/worker IPC timeout to 30 seconds.
[2025-05-18 12:21:04Z INFO ConfigurationStore] HasCredentials()
[2025-05-18 12:21:04Z INFO ConfigurationStore] stored True
[2025-05-18 12:21:04Z INFO CredentialManager] GetCredentialProvider
[2025-05-18 12:21:04Z INFO CredentialManager] Creating type OAuth
[2025-05-18 12:21:04Z INFO CredentialManager] Creating credential type: OAuth
[2025-05-18 12:21:04Z INFO RSAEncryptedFileKeyManager] Loading RSA key parameters from file D:\facultate\idp\IDP_PROJECT\actions-runner\.credentials_rsaparams
[2025-05-18 12:21:04Z INFO RSAEncryptedFileKeyManager] Loading RSA key parameters from file D:\facultate\idp\IDP_PROJECT\actions-runner\.credentials_rsaparams
[2025-05-18 12:21:04Z INFO RSAEncryptedFileKeyManager] Loading RSA key parameters from file D:\facultate\idp\IDP_PROJECT\actions-runner\.credentials_rsaparams
[2025-05-18 12:21:04Z INFO GitHubActionsService] AAD Correlation ID for this token request: Unknown
[2025-05-18 12:21:40Z INFO MessageListener] Message '2697335210228987258' received from session '75851330-ae09-45e1-ad58-f6406279320e'.
[2025-05-18 12:21:40Z INFO ConfigurationStore] HasCredentials()
[2025-05-18 12:21:40Z INFO ConfigurationStore] stored True
[2025-05-18 12:21:40Z INFO CredentialManager] GetCredentialProvider
[2025-05-18 12:21:40Z INFO CredentialManager] Creating type OAuth
[2025-05-18 12:21:40Z INFO CredentialManager] Creating credential type: OAuth
[2025-05-18 12:21:40Z INFO RSAEncryptedFileKeyManager] Loading RSA key parameters from file D:\facultate\idp\IDP_PROJECT\actions-runner\.credentials_rsaparams
[2025-05-18 12:21:40Z INFO RSAEncryptedFileKeyManager] Loading RSA key parameters from file D:\facultate\idp\IDP_PROJECT\actions-runner\.credentials_rsaparams
[2025-05-18 12:21:40Z INFO RSAEncryptedFileKeyManager] Loading RSA key parameters from file D:\facultate\idp\IDP_PROJECT\actions-runner\.credentials_rsaparams
[2025-05-18 12:21:40Z INFO GitHubActionsService] AAD Correlation ID for this token request: Unknown
[2025-05-18 12:21:41Z INFO JobDispatcher] Job request 0 for plan d23bda06-ed7d-47df-8c9a-377e54eea35b job cd1604d6-bf5c-57b9-a7ec-1aae86433c8d received.
[2025-05-18 12:21:41Z INFO MessageListener] Received job status event. JobState: Busy
[2025-05-18 12:21:41Z INFO MessageListener] _getMessagesTokenSource is already disposed.
[2025-05-18 12:21:41Z INFO Terminal] WRITE LINE: 2025-05-18 12:21:41Z: Running job: deploy
[2025-05-18 12:21:41Z INFO JobDispatcher] Start renew job request 0 for job cd1604d6-bf5c-57b9-a7ec-1aae86433c8d.
[2025-05-18 12:21:41Z INFO JobDispatcher] Successfully renew job cd1604d6-bf5c-57b9-a7ec-1aae86433c8d, job is valid till 18/05/2025 12:31:41
[2025-05-18 12:21:41Z INFO HostContext] Well known directory 'Bin': 'D:\facultate\idp\IDP_PROJECT\actions-runner\bin'
[2025-05-18 12:21:41Z INFO ProcessInvokerWrapper] Starting process:
[2025-05-18 12:21:41Z INFO ProcessInvokerWrapper]   File name: 'D:\facultate\idp\IDP_PROJECT\actions-runner\bin\Runner.Worker.exe'
[2025-05-18 12:21:41Z INFO ProcessInvokerWrapper]   Arguments: 'spawnclient 2092 1984'
[2025-05-18 12:21:41Z INFO ProcessInvokerWrapper]   Working directory: 'D:\facultate\idp\IDP_PROJECT\actions-runner\bin'
[2025-05-18 12:21:41Z INFO ProcessInvokerWrapper]   Require exit code zero: 'False'
[2025-05-18 12:21:41Z INFO ProcessInvokerWrapper]   Encoding web name:  ; code page: ''
[2025-05-18 12:21:41Z INFO ProcessInvokerWrapper]   Force kill process on cancellation: 'True'
[2025-05-18 12:21:41Z INFO ProcessInvokerWrapper]   Redirected STDIN: 'False'
[2025-05-18 12:21:41Z INFO ProcessInvokerWrapper]   Persist current code page: 'False'
[2025-05-18 12:21:41Z INFO ProcessInvokerWrapper]   Keep redirected STDIN open: 'False'
[2025-05-18 12:21:41Z INFO ProcessInvokerWrapper]   High priority process: 'True'
[2025-05-18 12:21:41Z INFO ProcessInvokerWrapper] Process started with process id 6404, waiting for process exit.
[2025-05-18 12:21:41Z INFO JobDispatcher] Send job request message to worker for job cd1604d6-bf5c-57b9-a7ec-1aae86433c8d.
[2025-05-18 12:21:41Z INFO ProcessChannel] Sending message of length 18925, with hash '8ea87cb599b2eb55d8410e42ffaf24fd18b4a8c7d4de5d50420b9e561901cca3'
[2025-05-18 12:21:42Z INFO JobNotification] Entering JobStarted Notification
[2025-05-18 12:21:42Z INFO JobNotification] Entering StartMonitor
[2025-05-18 12:21:42Z INFO ConfigurationStore] HasCredentials()
[2025-05-18 12:21:42Z INFO ConfigurationStore] stored True
[2025-05-18 12:21:42Z INFO CredentialManager] GetCredentialProvider
[2025-05-18 12:21:42Z INFO CredentialManager] Creating type OAuth
[2025-05-18 12:21:42Z INFO CredentialManager] Creating credential type: OAuth
[2025-05-18 12:21:42Z INFO RSAEncryptedFileKeyManager] Loading RSA key parameters from file D:\facultate\idp\IDP_PROJECT\actions-runner\.credentials_rsaparams
[2025-05-18 12:21:50Z INFO ProcessInvokerWrapper] STDOUT/STDERR stream read finished.
[2025-05-18 12:21:50Z INFO ProcessInvokerWrapper] STDOUT/STDERR stream read finished.
[2025-05-18 12:21:50Z INFO ProcessInvokerWrapper] Finished process 6404 with exit code 102, and elapsed time 00:00:08.8654438.
[2025-05-18 12:21:50Z INFO JobDispatcher] Worker finished for job cd1604d6-bf5c-57b9-a7ec-1aae86433c8d. Code: 102
[2025-05-18 12:21:50Z INFO JobDispatcher] finish job request for job cd1604d6-bf5c-57b9-a7ec-1aae86433c8d with result: Failed
[2025-05-18 12:21:50Z INFO Terminal] WRITE LINE: 2025-05-18 12:21:50Z: Job deploy completed with result: Failed
[2025-05-18 12:21:50Z INFO JobDispatcher] Stop renew job request for job cd1604d6-bf5c-57b9-a7ec-1aae86433c8d.
[2025-05-18 12:21:50Z INFO JobDispatcher] job renew has been cancelled, stop renew job cd1604d6-bf5c-57b9-a7ec-1aae86433c8d.
[2025-05-18 12:21:50Z INFO JobNotification] Entering JobCompleted Notification
[2025-05-18 12:21:50Z INFO JobNotification] Entering EndMonitor
[2025-05-18 12:21:50Z INFO MessageListener] Received job status event. JobState: Online
[2025-05-18 12:22:33Z INFO ConfigurationStore] HasCredentials()
[2025-05-18 12:22:33Z INFO ConfigurationStore] stored True
[2025-05-18 12:22:33Z INFO CredentialManager] GetCredentialProvider
[2025-05-18 12:22:33Z INFO CredentialManager] Creating type OAuth
[2025-05-18 12:22:33Z INFO CredentialManager] Creating credential type: OAuth
[2025-05-18 12:22:33Z INFO RSAEncryptedFileKeyManager] Loading RSA key parameters from file D:\facultate\idp\IDP_PROJECT\actions-runner\.credentials_rsaparams
[2025-05-18 12:23:23Z INFO ConfigurationStore] HasCredentials()
[2025-05-18 12:23:23Z INFO ConfigurationStore] stored True
[2025-05-18 12:23:23Z INFO CredentialManager] GetCredentialProvider
[2025-05-18 12:23:23Z INFO CredentialManager] Creating type OAuth
[2025-05-18 12:23:23Z INFO CredentialManager] Creating credential type: OAuth
[2025-05-18 12:23:23Z INFO RSAEncryptedFileKeyManager] Loading RSA key parameters from file D:\facultate\idp\IDP_PROJECT\actions-runner\.credentials_rsaparams
[2025-05-18 12:24:13Z INFO ConfigurationStore] HasCredentials()
[2025-05-18 12:24:13Z INFO ConfigurationStore] stored True
[2025-05-18 12:24:13Z INFO CredentialManager] GetCredentialProvider
[2025-05-18 12:24:13Z INFO CredentialManager] Creating type OAuth
[2025-05-18 12:24:13Z INFO CredentialManager] Creating credential type: OAuth
[2025-05-18 12:24:13Z INFO RSAEncryptedFileKeyManager] Loading RSA key parameters from file D:\facultate\idp\IDP_PROJECT\actions-runner\.credentials_rsaparams
[2025-05-18 12:25:03Z INFO ConfigurationStore] HasCredentials()
[2025-05-18 12:25:03Z INFO ConfigurationStore] stored True
[2025-05-18 12:25:03Z INFO CredentialManager] GetCredentialProvider
[2025-05-18 12:25:03Z INFO CredentialManager] Creating type OAuth
[2025-05-18 12:25:03Z INFO CredentialManager] Creating credential type: OAuth
[2025-05-18 12:25:03Z INFO RSAEncryptedFileKeyManager] Loading RSA key parameters from file D:\facultate\idp\IDP_PROJECT\actions-runner\.credentials_rsaparams
[2025-05-18 12:25:47Z INFO MessageListener] Message '8258032318187500380' received from session '75851330-ae09-45e1-ad58-f6406279320e'.
[2025-05-18 12:25:47Z INFO ConfigurationStore] HasCredentials()
[2025-05-18 12:25:47Z INFO ConfigurationStore] stored True
[2025-05-18 12:25:47Z INFO CredentialManager] GetCredentialProvider
[2025-05-18 12:25:47Z INFO CredentialManager] Creating type OAuth
[2025-05-18 12:25:47Z INFO CredentialManager] Creating credential type: OAuth
[2025-05-18 12:25:47Z INFO RSAEncryptedFileKeyManager] Loading RSA key parameters from file D:\facultate\idp\IDP_PROJECT\actions-runner\.credentials_rsaparams
[2025-05-18 12:25:47Z INFO RSAEncryptedFileKeyManager] Loading RSA key parameters from file D:\facultate\idp\IDP_PROJECT\actions-runner\.credentials_rsaparams
[2025-05-18 12:25:47Z INFO RSAEncryptedFileKeyManager] Loading RSA key parameters from file D:\facultate\idp\IDP_PROJECT\actions-runner\.credentials_rsaparams
[2025-05-18 12:25:47Z INFO GitHubActionsService] AAD Correlation ID for this token request: Unknown
[2025-05-18 12:25:48Z INFO JobDispatcher] Job request 0 for plan 656275ec-b21e-46e9-80b1-1759269d8fd8 job 69d3a450-12b6-5edc-a8a5-d8d8be93dd38 received.
[2025-05-18 12:25:48Z INFO MessageListener] Received job status event. JobState: Busy
[2025-05-18 12:25:48Z INFO MessageListener] _getMessagesTokenSource is already disposed.
[2025-05-18 12:25:48Z INFO JobDispatcher] Job request cd1604d6-bf5c-57b9-a7ec-1aae86433c8d processed succeed.
[2025-05-18 12:25:48Z INFO Terminal] WRITE LINE: 2025-05-18 12:25:48Z: Running job: deploy
[2025-05-18 12:25:48Z INFO JobDispatcher] Start renew job request 0 for job 69d3a450-12b6-5edc-a8a5-d8d8be93dd38.
[2025-05-18 12:25:49Z INFO JobDispatcher] Successfully renew job 69d3a450-12b6-5edc-a8a5-d8d8be93dd38, job is valid till 18/05/2025 12:35:49
[2025-05-18 12:25:49Z INFO HostContext] Well known directory 'Bin': 'D:\facultate\idp\IDP_PROJECT\actions-runner\bin'
[2025-05-18 12:25:49Z INFO ProcessInvokerWrapper] Starting process:
[2025-05-18 12:25:49Z INFO ProcessInvokerWrapper]   File name: 'D:\facultate\idp\IDP_PROJECT\actions-runner\bin\Runner.Worker.exe'
[2025-05-18 12:25:49Z INFO ProcessInvokerWrapper]   Arguments: 'spawnclient 2124 2352'
[2025-05-18 12:25:49Z INFO ProcessInvokerWrapper]   Working directory: 'D:\facultate\idp\IDP_PROJECT\actions-runner\bin'
[2025-05-18 12:25:49Z INFO ProcessInvokerWrapper]   Require exit code zero: 'False'
[2025-05-18 12:25:49Z INFO ProcessInvokerWrapper]   Encoding web name:  ; code page: ''
[2025-05-18 12:25:49Z INFO ProcessInvokerWrapper]   Force kill process on cancellation: 'True'
[2025-05-18 12:25:49Z INFO ProcessInvokerWrapper]   Redirected STDIN: 'False'
[2025-05-18 12:25:49Z INFO ProcessInvokerWrapper]   Persist current code page: 'False'
[2025-05-18 12:25:49Z INFO ProcessInvokerWrapper]   Keep redirected STDIN open: 'False'
[2025-05-18 12:25:49Z INFO ProcessInvokerWrapper]   High priority process: 'True'
[2025-05-18 12:25:49Z INFO ProcessInvokerWrapper] Process started with process id 29932, waiting for process exit.
[2025-05-18 12:25:49Z INFO JobDispatcher] Send job request message to worker for job 69d3a450-12b6-5edc-a8a5-d8d8be93dd38.
[2025-05-18 12:25:49Z INFO ProcessChannel] Sending message of length 18517, with hash '8f827955a87f27ecce617ea7a9bad931066b9ded6841133fa33899a0aaf8cec4'
[2025-05-18 12:25:49Z INFO JobNotification] Entering JobStarted Notification
[2025-05-18 12:25:49Z INFO JobNotification] Entering StartMonitor
[2025-05-18 12:25:50Z INFO ConfigurationStore] HasCredentials()
[2025-05-18 12:25:50Z INFO ConfigurationStore] stored True
[2025-05-18 12:25:50Z INFO CredentialManager] GetCredentialProvider
[2025-05-18 12:25:50Z INFO CredentialManager] Creating type OAuth
[2025-05-18 12:25:50Z INFO CredentialManager] Creating credential type: OAuth
[2025-05-18 12:25:50Z INFO RSAEncryptedFileKeyManager] Loading RSA key parameters from file D:\facultate\idp\IDP_PROJECT\actions-runner\.credentials_rsaparams
[2025-05-18 12:25:58Z INFO ProcessInvokerWrapper] STDOUT/STDERR stream read finished.
[2025-05-18 12:25:58Z INFO ProcessInvokerWrapper] STDOUT/STDERR stream read finished.
[2025-05-18 12:25:58Z INFO ProcessInvokerWrapper] Finished process 29932 with exit code 100, and elapsed time 00:00:09.7277833.
[2025-05-18 12:25:58Z INFO JobDispatcher] Worker finished for job 69d3a450-12b6-5edc-a8a5-d8d8be93dd38. Code: 100
[2025-05-18 12:25:58Z INFO JobDispatcher] finish job request for job 69d3a450-12b6-5edc-a8a5-d8d8be93dd38 with result: Succeeded
[2025-05-18 12:25:58Z INFO Terminal] WRITE LINE: 2025-05-18 12:25:58Z: Job deploy completed with result: Succeeded
[2025-05-18 12:25:58Z INFO JobDispatcher] Stop renew job request for job 69d3a450-12b6-5edc-a8a5-d8d8be93dd38.
[2025-05-18 12:25:58Z INFO JobDispatcher] job renew has been cancelled, stop renew job 69d3a450-12b6-5edc-a8a5-d8d8be93dd38.
[2025-05-18 12:25:58Z INFO JobNotification] Entering JobCompleted Notification
[2025-05-18 12:25:58Z INFO JobNotification] Entering EndMonitor
[2025-05-18 12:25:58Z INFO MessageListener] Received job status event. JobState: Online
[2025-05-18 12:26:40Z INFO ConfigurationStore] HasCredentials()
[2025-05-18 12:26:40Z INFO ConfigurationStore] stored True
[2025-05-18 12:26:40Z INFO CredentialManager] GetCredentialProvider
[2025-05-18 12:26:40Z INFO CredentialManager] Creating type OAuth
[2025-05-18 12:26:40Z INFO CredentialManager] Creating credential type: OAuth
[2025-05-18 12:26:40Z INFO RSAEncryptedFileKeyManager] Loading RSA key parameters from file D:\facultate\idp\IDP_PROJECT\actions-runner\.credentials_rsaparams
[2025-05-18 12:27:30Z INFO ConfigurationStore] HasCredentials()
[2025-05-18 12:27:30Z INFO ConfigurationStore] stored True
[2025-05-18 12:27:30Z INFO CredentialManager] GetCredentialProvider
[2025-05-18 12:27:30Z INFO CredentialManager] Creating type OAuth
[2025-05-18 12:27:30Z INFO CredentialManager] Creating credential type: OAuth
[2025-05-18 12:27:30Z INFO RSAEncryptedFileKeyManager] Loading RSA key parameters from file D:\facultate\idp\IDP_PROJECT\actions-runner\.credentials_rsaparams
[2025-05-18 12:28:21Z INFO ConfigurationStore] HasCredentials()
[2025-05-18 12:28:21Z INFO ConfigurationStore] stored True
[2025-05-18 12:28:21Z INFO CredentialManager] GetCredentialProvider
[2025-05-18 12:28:21Z INFO CredentialManager] Creating type OAuth
[2025-05-18 12:28:21Z INFO CredentialManager] Creating credential type: OAuth
[2025-05-18 12:28:21Z INFO RSAEncryptedFileKeyManager] Loading RSA key parameters from file D:\facultate\idp\IDP_PROJECT\actions-runner\.credentials_rsaparams
[2025-05-18 12:29:11Z INFO ConfigurationStore] HasCredentials()
[2025-05-18 12:29:11Z INFO ConfigurationStore] stored True
[2025-05-18 12:29:11Z INFO CredentialManager] GetCredentialProvider
[2025-05-18 12:29:11Z INFO CredentialManager] Creating type OAuth
[2025-05-18 12:29:11Z INFO CredentialManager] Creating credential type: OAuth
[2025-05-18 12:29:11Z INFO RSAEncryptedFileKeyManager] Loading RSA key parameters from file D:\facultate\idp\IDP_PROJECT\actions-runner\.credentials_rsaparams
[2025-05-18 12:30:01Z INFO ConfigurationStore] HasCredentials()
[2025-05-18 12:30:01Z INFO ConfigurationStore] stored True
[2025-05-18 12:30:01Z INFO CredentialManager] GetCredentialProvider
[2025-05-18 12:30:01Z INFO CredentialManager] Creating type OAuth
[2025-05-18 12:30:01Z INFO CredentialManager] Creating credential type: OAuth
[2025-05-18 12:30:01Z INFO RSAEncryptedFileKeyManager] Loading RSA key parameters from file D:\facultate\idp\IDP_PROJECT\actions-runner\.credentials_rsaparams
[2025-05-18 12:30:52Z INFO ConfigurationStore] HasCredentials()
[2025-05-18 12:30:52Z INFO ConfigurationStore] stored True
[2025-05-18 12:30:52Z INFO CredentialManager] GetCredentialProvider
[2025-05-18 12:30:52Z INFO CredentialManager] Creating type OAuth
[2025-05-18 12:30:52Z INFO CredentialManager] Creating credential type: OAuth
[2025-05-18 12:30:52Z INFO RSAEncryptedFileKeyManager] Loading RSA key parameters from file D:\facultate\idp\IDP_PROJECT\actions-runner\.credentials_rsaparams
[2025-05-18 12:31:42Z INFO ConfigurationStore] HasCredentials()
[2025-05-18 12:31:42Z INFO ConfigurationStore] stored True
[2025-05-18 12:31:42Z INFO CredentialManager] GetCredentialProvider
[2025-05-18 12:31:42Z INFO CredentialManager] Creating type OAuth
[2025-05-18 12:31:42Z INFO CredentialManager] Creating credential type: OAuth
[2025-05-18 12:31:42Z INFO RSAEncryptedFileKeyManager] Loading RSA key parameters from file D:\facultate\idp\IDP_PROJECT\actions-runner\.credentials_rsaparams
[2025-05-18 12:32:32Z INFO ConfigurationStore] HasCredentials()
[2025-05-18 12:32:32Z INFO ConfigurationStore] stored True
[2025-05-18 12:32:32Z INFO CredentialManager] GetCredentialProvider
[2025-05-18 12:32:32Z INFO CredentialManager] Creating type OAuth
[2025-05-18 12:32:32Z INFO CredentialManager] Creating credential type: OAuth
[2025-05-18 12:32:32Z INFO RSAEncryptedFileKeyManager] Loading RSA key parameters from file D:\facultate\idp\IDP_PROJECT\actions-runner\.credentials_rsaparams
[2025-05-18 12:33:23Z INFO ConfigurationStore] HasCredentials()
[2025-05-18 12:33:23Z INFO ConfigurationStore] stored True
[2025-05-18 12:33:23Z INFO CredentialManager] GetCredentialProvider
[2025-05-18 12:33:23Z INFO CredentialManager] Creating type OAuth
[2025-05-18 12:33:23Z INFO CredentialManager] Creating credential type: OAuth
[2025-05-18 12:33:23Z INFO RSAEncryptedFileKeyManager] Loading RSA key parameters from file D:\facultate\idp\IDP_PROJECT\actions-runner\.credentials_rsaparams
[2025-05-18 12:34:13Z INFO ConfigurationStore] HasCredentials()
[2025-05-18 12:34:13Z INFO ConfigurationStore] stored True
[2025-05-18 12:34:13Z INFO CredentialManager] GetCredentialProvider
[2025-05-18 12:34:13Z INFO CredentialManager] Creating type OAuth
[2025-05-18 12:34:13Z INFO CredentialManager] Creating credential type: OAuth
[2025-05-18 12:34:13Z INFO RSAEncryptedFileKeyManager] Loading RSA key parameters from file D:\facultate\idp\IDP_PROJECT\actions-runner\.credentials_rsaparams
[2025-05-18 12:35:03Z INFO ConfigurationStore] HasCredentials()
[2025-05-18 12:35:03Z INFO ConfigurationStore] stored True
[2025-05-18 12:35:03Z INFO CredentialManager] GetCredentialProvider
[2025-05-18 12:35:03Z INFO CredentialManager] Creating type OAuth
[2025-05-18 12:35:03Z INFO CredentialManager] Creating credential type: OAuth
[2025-05-18 12:35:03Z INFO RSAEncryptedFileKeyManager] Loading RSA key parameters from file D:\facultate\idp\IDP_PROJECT\actions-runner\.credentials_rsaparams
[2025-05-18 12:35:54Z INFO ConfigurationStore] HasCredentials()
[2025-05-18 12:35:54Z INFO ConfigurationStore] stored True
[2025-05-18 12:35:54Z INFO CredentialManager] GetCredentialProvider
[2025-05-18 12:35:54Z INFO CredentialManager] Creating type OAuth
[2025-05-18 12:35:54Z INFO CredentialManager] Creating credential type: OAuth
[2025-05-18 12:35:54Z INFO RSAEncryptedFileKeyManager] Loading RSA key parameters from file D:\facultate\idp\IDP_PROJECT\actions-runner\.credentials_rsaparams
[2025-05-18 12:36:44Z INFO ConfigurationStore] HasCredentials()
[2025-05-18 12:36:44Z INFO ConfigurationStore] stored True
[2025-05-18 12:36:44Z INFO CredentialManager] GetCredentialProvider
[2025-05-18 12:36:44Z INFO CredentialManager] Creating type OAuth
[2025-05-18 12:36:44Z INFO CredentialManager] Creating credential type: OAuth
[2025-05-18 12:36:44Z INFO RSAEncryptedFileKeyManager] Loading RSA key parameters from file D:\facultate\idp\IDP_PROJECT\actions-runner\.credentials_rsaparams
[2025-05-18 12:37:34Z INFO ConfigurationStore] HasCredentials()
[2025-05-18 12:37:34Z INFO ConfigurationStore] stored True
[2025-05-18 12:37:34Z INFO CredentialManager] GetCredentialProvider
[2025-05-18 12:37:34Z INFO CredentialManager] Creating type OAuth
[2025-05-18 12:37:34Z INFO CredentialManager] Creating credential type: OAuth
[2025-05-18 12:37:34Z INFO RSAEncryptedFileKeyManager] Loading RSA key parameters from file D:\facultate\idp\IDP_PROJECT\actions-runner\.credentials_rsaparams
[2025-05-18 12:38:25Z INFO ConfigurationStore] HasCredentials()
[2025-05-18 12:38:25Z INFO ConfigurationStore] stored True
[2025-05-18 12:38:25Z INFO CredentialManager] GetCredentialProvider
[2025-05-18 12:38:25Z INFO CredentialManager] Creating type OAuth
[2025-05-18 12:38:25Z INFO CredentialManager] Creating credential type: OAuth
[2025-05-18 12:38:25Z INFO RSAEncryptedFileKeyManager] Loading RSA key parameters from file D:\facultate\idp\IDP_PROJECT\actions-runner\.credentials_rsaparams
[2025-05-18 12:39:15Z INFO ConfigurationStore] HasCredentials()
[2025-05-18 12:39:15Z INFO ConfigurationStore] stored True
[2025-05-18 12:39:15Z INFO CredentialManager] GetCredentialProvider
[2025-05-18 12:39:15Z INFO CredentialManager] Creating type OAuth
[2025-05-18 12:39:15Z INFO CredentialManager] Creating credential type: OAuth
[2025-05-18 12:39:15Z INFO RSAEncryptedFileKeyManager] Loading RSA key parameters from file D:\facultate\idp\IDP_PROJECT\actions-runner\.credentials_rsaparams
[2025-05-18 12:40:05Z INFO ConfigurationStore] HasCredentials()
[2025-05-18 12:40:05Z INFO ConfigurationStore] stored True
[2025-05-18 12:40:05Z INFO CredentialManager] GetCredentialProvider
[2025-05-18 12:40:05Z INFO CredentialManager] Creating type OAuth
[2025-05-18 12:40:05Z INFO CredentialManager] Creating credential type: OAuth
[2025-05-18 12:40:05Z INFO RSAEncryptedFileKeyManager] Loading RSA key parameters from file D:\facultate\idp\IDP_PROJECT\actions-runner\.credentials_rsaparams
[2025-05-18 12:40:56Z INFO ConfigurationStore] HasCredentials()
[2025-05-18 12:40:56Z INFO ConfigurationStore] stored True
[2025-05-18 12:40:56Z INFO CredentialManager] GetCredentialProvider
[2025-05-18 12:40:56Z INFO CredentialManager] Creating type OAuth
[2025-05-18 12:40:56Z INFO CredentialManager] Creating credential type: OAuth
[2025-05-18 12:40:56Z INFO RSAEncryptedFileKeyManager] Loading RSA key parameters from file D:\facultate\idp\IDP_PROJECT\actions-runner\.credentials_rsaparams
[2025-05-18 12:41:46Z INFO ConfigurationStore] HasCredentials()
[2025-05-18 12:41:46Z INFO ConfigurationStore] stored True
[2025-05-18 12:41:46Z INFO CredentialManager] GetCredentialProvider
[2025-05-18 12:41:46Z INFO CredentialManager] Creating type OAuth
[2025-05-18 12:41:46Z INFO CredentialManager] Creating credential type: OAuth
[2025-05-18 12:41:46Z INFO RSAEncryptedFileKeyManager] Loading RSA key parameters from file D:\facultate\idp\IDP_PROJECT\actions-runner\.credentials_rsaparams
[2025-05-18 12:42:36Z INFO ConfigurationStore] HasCredentials()
[2025-05-18 12:42:36Z INFO ConfigurationStore] stored True
[2025-05-18 12:42:36Z INFO CredentialManager] GetCredentialProvider
[2025-05-18 12:42:36Z INFO CredentialManager] Creating type OAuth
[2025-05-18 12:42:36Z INFO CredentialManager] Creating credential type: OAuth
[2025-05-18 12:42:36Z INFO RSAEncryptedFileKeyManager] Loading RSA key parameters from file D:\facultate\idp\IDP_PROJECT\actions-runner\.credentials_rsaparams
[2025-05-18 12:43:26Z INFO ConfigurationStore] HasCredentials()
[2025-05-18 12:43:26Z INFO ConfigurationStore] stored True
[2025-05-18 12:43:26Z INFO CredentialManager] GetCredentialProvider
[2025-05-18 12:43:26Z INFO CredentialManager] Creating type OAuth
[2025-05-18 12:43:26Z INFO CredentialManager] Creating credential type: OAuth
[2025-05-18 12:43:26Z INFO RSAEncryptedFileKeyManager] Loading RSA key parameters from file D:\facultate\idp\IDP_PROJECT\actions-runner\.credentials_rsaparams
[2025-05-18 12:44:17Z INFO ConfigurationStore] HasCredentials()
[2025-05-18 12:44:17Z INFO ConfigurationStore] stored True
[2025-05-18 12:44:17Z INFO CredentialManager] GetCredentialProvider
[2025-05-18 12:44:17Z INFO CredentialManager] Creating type OAuth
[2025-05-18 12:44:17Z INFO CredentialManager] Creating credential type: OAuth
[2025-05-18 12:44:17Z INFO RSAEncryptedFileKeyManager] Loading RSA key parameters from file D:\facultate\idp\IDP_PROJECT\actions-runner\.credentials_rsaparams
[2025-05-18 12:45:07Z INFO ConfigurationStore] HasCredentials()
[2025-05-18 12:45:07Z INFO ConfigurationStore] stored True
[2025-05-18 12:45:07Z INFO CredentialManager] GetCredentialProvider
[2025-05-18 12:45:07Z INFO CredentialManager] Creating type OAuth
[2025-05-18 12:45:07Z INFO CredentialManager] Creating credential type: OAuth
[2025-05-18 12:45:07Z INFO RSAEncryptedFileKeyManager] Loading RSA key parameters from file D:\facultate\idp\IDP_PROJECT\actions-runner\.credentials_rsaparams
[2025-05-18 12:45:57Z INFO ConfigurationStore] HasCredentials()
[2025-05-18 12:45:57Z INFO ConfigurationStore] stored True
[2025-05-18 12:45:57Z INFO CredentialManager] GetCredentialProvider
[2025-05-18 12:45:57Z INFO CredentialManager] Creating type OAuth
[2025-05-18 12:45:57Z INFO CredentialManager] Creating credential type: OAuth
[2025-05-18 12:45:57Z INFO RSAEncryptedFileKeyManager] Loading RSA key parameters from file D:\facultate\idp\IDP_PROJECT\actions-runner\.credentials_rsaparams
[2025-05-18 12:46:48Z INFO ConfigurationStore] HasCredentials()
[2025-05-18 12:46:48Z INFO ConfigurationStore] stored True
[2025-05-18 12:46:48Z INFO CredentialManager] GetCredentialProvider
[2025-05-18 12:46:48Z INFO CredentialManager] Creating type OAuth
[2025-05-18 12:46:48Z INFO CredentialManager] Creating credential type: OAuth
[2025-05-18 12:46:48Z INFO RSAEncryptedFileKeyManager] Loading RSA key parameters from file D:\facultate\idp\IDP_PROJECT\actions-runner\.credentials_rsaparams
[2025-05-18 12:47:38Z INFO ConfigurationStore] HasCredentials()
[2025-05-18 12:47:38Z INFO ConfigurationStore] stored True
[2025-05-18 12:47:38Z INFO CredentialManager] GetCredentialProvider
[2025-05-18 12:47:38Z INFO CredentialManager] Creating type OAuth
[2025-05-18 12:47:38Z INFO CredentialManager] Creating credential type: OAuth
[2025-05-18 12:47:38Z INFO RSAEncryptedFileKeyManager] Loading RSA key parameters from file D:\facultate\idp\IDP_PROJECT\actions-runner\.credentials_rsaparams
[2025-05-18 12:48:28Z INFO ConfigurationStore] HasCredentials()
[2025-05-18 12:48:28Z INFO ConfigurationStore] stored True
[2025-05-18 12:48:28Z INFO CredentialManager] GetCredentialProvider
[2025-05-18 12:48:28Z INFO CredentialManager] Creating type OAuth
[2025-05-18 12:48:28Z INFO CredentialManager] Creating credential type: OAuth
[2025-05-18 12:48:28Z INFO RSAEncryptedFileKeyManager] Loading RSA key parameters from file D:\facultate\idp\IDP_PROJECT\actions-runner\.credentials_rsaparams
[2025-05-18 12:49:19Z INFO ConfigurationStore] HasCredentials()
[2025-05-18 12:49:19Z INFO ConfigurationStore] stored True
[2025-05-18 12:49:19Z INFO CredentialManager] GetCredentialProvider
[2025-05-18 12:49:19Z INFO CredentialManager] Creating type OAuth
[2025-05-18 12:49:19Z INFO CredentialManager] Creating credential type: OAuth
[2025-05-18 12:49:19Z INFO RSAEncryptedFileKeyManager] Loading RSA key parameters from file D:\facultate\idp\IDP_PROJECT\actions-runner\.credentials_rsaparams
[2025-05-18 12:50:09Z INFO ConfigurationStore] HasCredentials()
[2025-05-18 12:50:09Z INFO ConfigurationStore] stored True
[2025-05-18 12:50:09Z INFO CredentialManager] GetCredentialProvider
[2025-05-18 12:50:09Z INFO CredentialManager] Creating type OAuth
[2025-05-18 12:50:09Z INFO CredentialManager] Creating credential type: OAuth
[2025-05-18 12:50:09Z INFO RSAEncryptedFileKeyManager] Loading RSA key parameters from file D:\facultate\idp\IDP_PROJECT\actions-runner\.credentials_rsaparams
[2025-05-18 12:51:00Z INFO ConfigurationStore] HasCredentials()
[2025-05-18 12:51:00Z INFO ConfigurationStore] stored True
[2025-05-18 12:51:00Z INFO CredentialManager] GetCredentialProvider
[2025-05-18 12:51:00Z INFO CredentialManager] Creating type OAuth
[2025-05-18 12:51:00Z INFO CredentialManager] Creating credential type: OAuth
[2025-05-18 12:51:00Z INFO RSAEncryptedFileKeyManager] Loading RSA key parameters from file D:\facultate\idp\IDP_PROJECT\actions-runner\.credentials_rsaparams
[2025-05-18 12:51:50Z INFO ConfigurationStore] HasCredentials()
[2025-05-18 12:51:50Z INFO ConfigurationStore] stored True
[2025-05-18 12:51:50Z INFO CredentialManager] GetCredentialProvider
[2025-05-18 12:51:50Z INFO CredentialManager] Creating type OAuth
[2025-05-18 12:51:50Z INFO CredentialManager] Creating credential type: OAuth
[2025-05-18 12:51:50Z INFO RSAEncryptedFileKeyManager] Loading RSA key parameters from file D:\facultate\idp\IDP_PROJECT\actions-runner\.credentials_rsaparams
[2025-05-18 12:52:40Z INFO ConfigurationStore] HasCredentials()
[2025-05-18 12:52:40Z INFO ConfigurationStore] stored True
[2025-05-18 12:52:40Z INFO CredentialManager] GetCredentialProvider
[2025-05-18 12:52:40Z INFO CredentialManager] Creating type OAuth
[2025-05-18 12:52:40Z INFO CredentialManager] Creating credential type: OAuth
[2025-05-18 12:52:40Z INFO RSAEncryptedFileKeyManager] Loading RSA key parameters from file D:\facultate\idp\IDP_PROJECT\actions-runner\.credentials_rsaparams
[2025-05-18 12:53:31Z INFO ConfigurationStore] HasCredentials()
[2025-05-18 12:53:31Z INFO ConfigurationStore] stored True
[2025-05-18 12:53:31Z INFO CredentialManager] GetCredentialProvider
[2025-05-18 12:53:31Z INFO CredentialManager] Creating type OAuth
[2025-05-18 12:53:31Z INFO CredentialManager] Creating credential type: OAuth
[2025-05-18 12:53:31Z INFO RSAEncryptedFileKeyManager] Loading RSA key parameters from file D:\facultate\idp\IDP_PROJECT\actions-runner\.credentials_rsaparams
[2025-05-18 12:54:21Z INFO ConfigurationStore] HasCredentials()
[2025-05-18 12:54:21Z INFO ConfigurationStore] stored True
[2025-05-18 12:54:21Z INFO CredentialManager] GetCredentialProvider
[2025-05-18 12:54:21Z INFO CredentialManager] Creating type OAuth
[2025-05-18 12:54:21Z INFO CredentialManager] Creating credential type: OAuth
[2025-05-18 12:54:21Z INFO RSAEncryptedFileKeyManager] Loading RSA key parameters from file D:\facultate\idp\IDP_PROJECT\actions-runner\.credentials_rsaparams
[2025-05-18 12:55:11Z INFO ConfigurationStore] HasCredentials()
[2025-05-18 12:55:11Z INFO ConfigurationStore] stored True
[2025-05-18 12:55:11Z INFO CredentialManager] GetCredentialProvider
[2025-05-18 12:55:11Z INFO CredentialManager] Creating type OAuth
[2025-05-18 12:55:11Z INFO CredentialManager] Creating credential type: OAuth
[2025-05-18 12:55:11Z INFO RSAEncryptedFileKeyManager] Loading RSA key parameters from file D:\facultate\idp\IDP_PROJECT\actions-runner\.credentials_rsaparams
[2025-05-18 12:56:01Z INFO MessageListener] No message retrieved from session '75851330-ae09-45e1-ad58-f6406279320e' within last 30 minutes.
[2025-05-18 12:56:01Z INFO ConfigurationStore] HasCredentials()
[2025-05-18 12:56:01Z INFO ConfigurationStore] stored True
[2025-05-18 12:56:01Z INFO CredentialManager] GetCredentialProvider
[2025-05-18 12:56:01Z INFO CredentialManager] Creating type OAuth
[2025-05-18 12:56:01Z INFO CredentialManager] Creating credential type: OAuth
[2025-05-18 12:56:01Z INFO RSAEncryptedFileKeyManager] Loading RSA key parameters from file D:\facultate\idp\IDP_PROJECT\actions-runner\.credentials_rsaparams
[2025-05-18 12:56:52Z INFO ConfigurationStore] HasCredentials()
[2025-05-18 12:56:52Z INFO ConfigurationStore] stored True
[2025-05-18 12:56:52Z INFO CredentialManager] GetCredentialProvider
[2025-05-18 12:56:52Z INFO CredentialManager] Creating type OAuth
[2025-05-18 12:56:52Z INFO CredentialManager] Creating credential type: OAuth
[2025-05-18 12:56:52Z INFO RSAEncryptedFileKeyManager] Loading RSA key parameters from file D:\facultate\idp\IDP_PROJECT\actions-runner\.credentials_rsaparams
[2025-05-18 12:57:42Z INFO ConfigurationStore] HasCredentials()
[2025-05-18 12:57:42Z INFO ConfigurationStore] stored True
[2025-05-18 12:57:42Z INFO CredentialManager] GetCredentialProvider
[2025-05-18 12:57:42Z INFO CredentialManager] Creating type OAuth
[2025-05-18 12:57:42Z INFO CredentialManager] Creating credential type: OAuth
[2025-05-18 12:57:42Z INFO RSAEncryptedFileKeyManager] Loading RSA key parameters from file D:\facultate\idp\IDP_PROJECT\actions-runner\.credentials_rsaparams
[2025-05-18 12:58:32Z INFO ConfigurationStore] HasCredentials()
[2025-05-18 12:58:32Z INFO ConfigurationStore] stored True
[2025-05-18 12:58:32Z INFO CredentialManager] GetCredentialProvider
[2025-05-18 12:58:32Z INFO CredentialManager] Creating type OAuth
[2025-05-18 12:58:32Z INFO CredentialManager] Creating credential type: OAuth
[2025-05-18 12:58:32Z INFO RSAEncryptedFileKeyManager] Loading RSA key parameters from file D:\facultate\idp\IDP_PROJECT\actions-runner\.credentials_rsaparams
[2025-05-18 12:59:23Z INFO ConfigurationStore] HasCredentials()
[2025-05-18 12:59:23Z INFO ConfigurationStore] stored True
[2025-05-18 12:59:23Z INFO CredentialManager] GetCredentialProvider
[2025-05-18 12:59:23Z INFO CredentialManager] Creating type OAuth
[2025-05-18 12:59:23Z INFO CredentialManager] Creating credential type: OAuth
[2025-05-18 12:59:23Z INFO RSAEncryptedFileKeyManager] Loading RSA key parameters from file D:\facultate\idp\IDP_PROJECT\actions-runner\.credentials_rsaparams
[2025-05-18 13:00:13Z INFO ConfigurationStore] HasCredentials()
[2025-05-18 13:00:13Z INFO ConfigurationStore] stored True
[2025-05-18 13:00:13Z INFO CredentialManager] GetCredentialProvider
[2025-05-18 13:00:13Z INFO CredentialManager] Creating type OAuth
[2025-05-18 13:00:13Z INFO CredentialManager] Creating credential type: OAuth
[2025-05-18 13:00:13Z INFO RSAEncryptedFileKeyManager] Loading RSA key parameters from file D:\facultate\idp\IDP_PROJECT\actions-runner\.credentials_rsaparams
[2025-05-18 13:01:03Z INFO ConfigurationStore] HasCredentials()
[2025-05-18 13:01:03Z INFO ConfigurationStore] stored True
[2025-05-18 13:01:03Z INFO CredentialManager] GetCredentialProvider
[2025-05-18 13:01:03Z INFO CredentialManager] Creating type OAuth
[2025-05-18 13:01:03Z INFO CredentialManager] Creating credential type: OAuth
[2025-05-18 13:01:03Z INFO RSAEncryptedFileKeyManager] Loading RSA key parameters from file D:\facultate\idp\IDP_PROJECT\actions-runner\.credentials_rsaparams
[2025-05-18 13:01:54Z INFO ConfigurationStore] HasCredentials()
[2025-05-18 13:01:54Z INFO ConfigurationStore] stored True
[2025-05-18 13:01:54Z INFO CredentialManager] GetCredentialProvider
[2025-05-18 13:01:54Z INFO CredentialManager] Creating type OAuth
[2025-05-18 13:01:54Z INFO CredentialManager] Creating credential type: OAuth
[2025-05-18 13:01:54Z INFO RSAEncryptedFileKeyManager] Loading RSA key parameters from file D:\facultate\idp\IDP_PROJECT\actions-runner\.credentials_rsaparams
[2025-05-18 13:02:44Z INFO ConfigurationStore] HasCredentials()
[2025-05-18 13:02:44Z INFO ConfigurationStore] stored True
[2025-05-18 13:02:44Z INFO CredentialManager] GetCredentialProvider
[2025-05-18 13:02:44Z INFO CredentialManager] Creating type OAuth
[2025-05-18 13:02:44Z INFO CredentialManager] Creating credential type: OAuth
[2025-05-18 13:02:44Z INFO RSAEncryptedFileKeyManager] Loading RSA key parameters from file D:\facultate\idp\IDP_PROJECT\actions-runner\.credentials_rsaparams
[2025-05-18 13:03:34Z INFO ConfigurationStore] HasCredentials()
[2025-05-18 13:03:34Z INFO ConfigurationStore] stored True
[2025-05-18 13:03:34Z INFO CredentialManager] GetCredentialProvider
[2025-05-18 13:03:34Z INFO CredentialManager] Creating type OAuth
[2025-05-18 13:03:34Z INFO CredentialManager] Creating credential type: OAuth
[2025-05-18 13:03:34Z INFO RSAEncryptedFileKeyManager] Loading RSA key parameters from file D:\facultate\idp\IDP_PROJECT\actions-runner\.credentials_rsaparams
[2025-05-18 13:04:25Z INFO ConfigurationStore] HasCredentials()
[2025-05-18 13:04:25Z INFO ConfigurationStore] stored True
[2025-05-18 13:04:25Z INFO CredentialManager] GetCredentialProvider
[2025-05-18 13:04:25Z INFO CredentialManager] Creating type OAuth
[2025-05-18 13:04:25Z INFO CredentialManager] Creating credential type: OAuth
[2025-05-18 13:04:25Z INFO RSAEncryptedFileKeyManager] Loading RSA key parameters from file D:\facultate\idp\IDP_PROJECT\actions-runner\.credentials_rsaparams
[2025-05-18 13:05:15Z INFO ConfigurationStore] HasCredentials()
[2025-05-18 13:05:15Z INFO ConfigurationStore] stored True
[2025-05-18 13:05:15Z INFO CredentialManager] GetCredentialProvider
[2025-05-18 13:05:15Z INFO CredentialManager] Creating type OAuth
[2025-05-18 13:05:15Z INFO CredentialManager] Creating credential type: OAuth
[2025-05-18 13:05:15Z INFO RSAEncryptedFileKeyManager] Loading RSA key parameters from file D:\facultate\idp\IDP_PROJECT\actions-runner\.credentials_rsaparams
[2025-05-18 13:06:05Z INFO ConfigurationStore] HasCredentials()
[2025-05-18 13:06:05Z INFO ConfigurationStore] stored True
[2025-05-18 13:06:05Z INFO CredentialManager] GetCredentialProvider
[2025-05-18 13:06:05Z INFO CredentialManager] Creating type OAuth
[2025-05-18 13:06:05Z INFO CredentialManager] Creating credential type: OAuth
[2025-05-18 13:06:05Z INFO RSAEncryptedFileKeyManager] Loading RSA key parameters from file D:\facultate\idp\IDP_PROJECT\actions-runner\.credentials_rsaparams
[2025-05-18 13:06:56Z INFO ConfigurationStore] HasCredentials()
[2025-05-18 13:06:56Z INFO ConfigurationStore] stored True
[2025-05-18 13:06:56Z INFO CredentialManager] GetCredentialProvider
[2025-05-18 13:06:56Z INFO CredentialManager] Creating type OAuth
[2025-05-18 13:06:56Z INFO CredentialManager] Creating credential type: OAuth
[2025-05-18 13:06:56Z INFO RSAEncryptedFileKeyManager] Loading RSA key parameters from file D:\facultate\idp\IDP_PROJECT\actions-runner\.credentials_rsaparams
[2025-05-18 13:07:46Z INFO ConfigurationStore] HasCredentials()
[2025-05-18 13:07:46Z INFO ConfigurationStore] stored True
[2025-05-18 13:07:46Z INFO CredentialManager] GetCredentialProvider
[2025-05-18 13:07:46Z INFO CredentialManager] Creating type OAuth
[2025-05-18 13:07:46Z INFO CredentialManager] Creating credential type: OAuth
[2025-05-18 13:07:46Z INFO RSAEncryptedFileKeyManager] Loading RSA key parameters from file D:\facultate\idp\IDP_PROJECT\actions-runner\.credentials_rsaparams
[2025-05-18 13:08:36Z INFO ConfigurationStore] HasCredentials()
[2025-05-18 13:08:36Z INFO ConfigurationStore] stored True
[2025-05-18 13:08:36Z INFO CredentialManager] GetCredentialProvider
[2025-05-18 13:08:36Z INFO CredentialManager] Creating type OAuth
[2025-05-18 13:08:36Z INFO CredentialManager] Creating credential type: OAuth
[2025-05-18 13:08:36Z INFO RSAEncryptedFileKeyManager] Loading RSA key parameters from file D:\facultate\idp\IDP_PROJECT\actions-runner\.credentials_rsaparams
[2025-05-18 13:09:27Z INFO ConfigurationStore] HasCredentials()
[2025-05-18 13:09:27Z INFO ConfigurationStore] stored True
[2025-05-18 13:09:27Z INFO CredentialManager] GetCredentialProvider
[2025-05-18 13:09:27Z INFO CredentialManager] Creating type OAuth
[2025-05-18 13:09:27Z INFO CredentialManager] Creating credential type: OAuth
[2025-05-18 13:09:27Z INFO RSAEncryptedFileKeyManager] Loading RSA key parameters from file D:\facultate\idp\IDP_PROJECT\actions-runner\.credentials_rsaparams
[2025-05-18 13:10:17Z INFO ConfigurationStore] HasCredentials()
[2025-05-18 13:10:17Z INFO ConfigurationStore] stored True
[2025-05-18 13:10:17Z INFO CredentialManager] GetCredentialProvider
[2025-05-18 13:10:17Z INFO CredentialManager] Creating type OAuth
[2025-05-18 13:10:17Z INFO CredentialManager] Creating credential type: OAuth
[2025-05-18 13:10:17Z INFO RSAEncryptedFileKeyManager] Loading RSA key parameters from file D:\facultate\idp\IDP_PROJECT\actions-runner\.credentials_rsaparams
[2025-05-18 13:11:07Z INFO ConfigurationStore] HasCredentials()
[2025-05-18 13:11:07Z INFO ConfigurationStore] stored True
[2025-05-18 13:11:07Z INFO CredentialManager] GetCredentialProvider
[2025-05-18 13:11:07Z INFO CredentialManager] Creating type OAuth
[2025-05-18 13:11:07Z INFO CredentialManager] Creating credential type: OAuth
[2025-05-18 13:11:07Z INFO RSAEncryptedFileKeyManager] Loading RSA key parameters from file D:\facultate\idp\IDP_PROJECT\actions-runner\.credentials_rsaparams
[2025-05-18 13:11:07Z INFO RSAEncryptedFileKeyManager] Loading RSA key parameters from file D:\facultate\idp\IDP_PROJECT\actions-runner\.credentials_rsaparams
[2025-05-18 13:11:08Z INFO GitHubActionsService] AAD Correlation ID for this token request: Unknown
[2025-05-18 13:11:58Z INFO ConfigurationStore] HasCredentials()
[2025-05-18 13:11:58Z INFO ConfigurationStore] stored True
[2025-05-18 13:11:58Z INFO CredentialManager] GetCredentialProvider
[2025-05-18 13:11:58Z INFO CredentialManager] Creating type OAuth
[2025-05-18 13:11:58Z INFO CredentialManager] Creating credential type: OAuth
[2025-05-18 13:11:58Z INFO RSAEncryptedFileKeyManager] Loading RSA key parameters from file D:\facultate\idp\IDP_PROJECT\actions-runner\.credentials_rsaparams
[2025-05-18 13:12:49Z INFO ConfigurationStore] HasCredentials()
[2025-05-18 13:12:49Z INFO ConfigurationStore] stored True
[2025-05-18 13:12:49Z INFO CredentialManager] GetCredentialProvider
[2025-05-18 13:12:49Z INFO CredentialManager] Creating type OAuth
[2025-05-18 13:12:49Z INFO CredentialManager] Creating credential type: OAuth
[2025-05-18 13:12:49Z INFO RSAEncryptedFileKeyManager] Loading RSA key parameters from file D:\facultate\idp\IDP_PROJECT\actions-runner\.credentials_rsaparams
[2025-05-18 13:13:39Z INFO ConfigurationStore] HasCredentials()
[2025-05-18 13:13:39Z INFO ConfigurationStore] stored True
[2025-05-18 13:13:39Z INFO CredentialManager] GetCredentialProvider
[2025-05-18 13:13:39Z INFO CredentialManager] Creating type OAuth
[2025-05-18 13:13:39Z INFO CredentialManager] Creating credential type: OAuth
[2025-05-18 13:13:39Z INFO RSAEncryptedFileKeyManager] Loading RSA key parameters from file D:\facultate\idp\IDP_PROJECT\actions-runner\.credentials_rsaparams
[2025-05-18 13:14:29Z INFO ConfigurationStore] HasCredentials()
[2025-05-18 13:14:29Z INFO ConfigurationStore] stored True
[2025-05-18 13:14:29Z INFO CredentialManager] GetCredentialProvider
[2025-05-18 13:14:29Z INFO CredentialManager] Creating type OAuth
[2025-05-18 13:14:29Z INFO CredentialManager] Creating credential type: OAuth
[2025-05-18 13:14:29Z INFO RSAEncryptedFileKeyManager] Loading RSA key parameters from file D:\facultate\idp\IDP_PROJECT\actions-runner\.credentials_rsaparams
[2025-05-18 13:15:20Z INFO ConfigurationStore] HasCredentials()
[2025-05-18 13:15:20Z INFO ConfigurationStore] stored True
[2025-05-18 13:15:20Z INFO CredentialManager] GetCredentialProvider
[2025-05-18 13:15:20Z INFO CredentialManager] Creating type OAuth
[2025-05-18 13:15:20Z INFO CredentialManager] Creating credential type: OAuth
[2025-05-18 13:15:20Z INFO RSAEncryptedFileKeyManager] Loading RSA key parameters from file D:\facultate\idp\IDP_PROJECT\actions-runner\.credentials_rsaparams
[2025-05-18 13:16:10Z INFO RSAEncryptedFileKeyManager] Loading RSA key parameters from file D:\facultate\idp\IDP_PROJECT\actions-runner\.credentials_rsaparams
[2025-05-18 13:16:10Z INFO GitHubActionsService] AAD Correlation ID for this token request: Unknown
[2025-05-18 13:16:11Z INFO ConfigurationStore] HasCredentials()
[2025-05-18 13:16:11Z INFO ConfigurationStore] stored True
[2025-05-18 13:16:11Z INFO CredentialManager] GetCredentialProvider
[2025-05-18 13:16:11Z INFO CredentialManager] Creating type OAuth
[2025-05-18 13:16:11Z INFO CredentialManager] Creating credential type: OAuth
[2025-05-18 13:16:11Z INFO RSAEncryptedFileKeyManager] Loading RSA key parameters from file D:\facultate\idp\IDP_PROJECT\actions-runner\.credentials_rsaparams
[2025-05-18 13:17:01Z INFO ConfigurationStore] HasCredentials()
[2025-05-18 13:17:01Z INFO ConfigurationStore] stored True
[2025-05-18 13:17:01Z INFO CredentialManager] GetCredentialProvider
[2025-05-18 13:17:01Z INFO CredentialManager] Creating type OAuth
[2025-05-18 13:17:01Z INFO CredentialManager] Creating credential type: OAuth
[2025-05-18 13:17:01Z INFO RSAEncryptedFileKeyManager] Loading RSA key parameters from file D:\facultate\idp\IDP_PROJECT\actions-runner\.credentials_rsaparams
[2025-05-18 13:17:51Z INFO ConfigurationStore] HasCredentials()
[2025-05-18 13:17:51Z INFO ConfigurationStore] stored True
[2025-05-18 13:17:51Z INFO CredentialManager] GetCredentialProvider
[2025-05-18 13:17:51Z INFO CredentialManager] Creating type OAuth
[2025-05-18 13:17:51Z INFO CredentialManager] Creating credential type: OAuth
[2025-05-18 13:17:51Z INFO RSAEncryptedFileKeyManager] Loading RSA key parameters from file D:\facultate\idp\IDP_PROJECT\actions-runner\.credentials_rsaparams
[2025-05-18 13:18:42Z INFO ConfigurationStore] HasCredentials()
[2025-05-18 13:18:42Z INFO ConfigurationStore] stored True
[2025-05-18 13:18:42Z INFO CredentialManager] GetCredentialProvider
[2025-05-18 13:18:42Z INFO CredentialManager] Creating type OAuth
[2025-05-18 13:18:42Z INFO CredentialManager] Creating credential type: OAuth
[2025-05-18 13:18:42Z INFO RSAEncryptedFileKeyManager] Loading RSA key parameters from file D:\facultate\idp\IDP_PROJECT\actions-runner\.credentials_rsaparams
[2025-05-18 13:19:32Z INFO ConfigurationStore] HasCredentials()
[2025-05-18 13:19:32Z INFO ConfigurationStore] stored True
[2025-05-18 13:19:32Z INFO CredentialManager] GetCredentialProvider
[2025-05-18 13:19:32Z INFO CredentialManager] Creating type OAuth
[2025-05-18 13:19:32Z INFO CredentialManager] Creating credential type: OAuth
[2025-05-18 13:19:32Z INFO RSAEncryptedFileKeyManager] Loading RSA key parameters from file D:\facultate\idp\IDP_PROJECT\actions-runner\.credentials_rsaparams
[2025-05-18 13:20:22Z INFO ConfigurationStore] HasCredentials()
[2025-05-18 13:20:22Z INFO ConfigurationStore] stored True
[2025-05-18 13:20:22Z INFO CredentialManager] GetCredentialProvider
[2025-05-18 13:20:22Z INFO CredentialManager] Creating type OAuth
[2025-05-18 13:20:22Z INFO CredentialManager] Creating credential type: OAuth
[2025-05-18 13:20:22Z INFO RSAEncryptedFileKeyManager] Loading RSA key parameters from file D:\facultate\idp\IDP_PROJECT\actions-runner\.credentials_rsaparams
[2025-05-18 13:21:12Z INFO ConfigurationStore] HasCredentials()
[2025-05-18 13:21:12Z INFO ConfigurationStore] stored True
[2025-05-18 13:21:12Z INFO CredentialManager] GetCredentialProvider
[2025-05-18 13:21:12Z INFO CredentialManager] Creating type OAuth
[2025-05-18 13:21:12Z INFO CredentialManager] Creating credential type: OAuth
[2025-05-18 13:21:12Z INFO RSAEncryptedFileKeyManager] Loading RSA key parameters from file D:\facultate\idp\IDP_PROJECT\actions-runner\.credentials_rsaparams
[2025-05-18 13:22:03Z INFO ConfigurationStore] HasCredentials()
[2025-05-18 13:22:03Z INFO ConfigurationStore] stored True
[2025-05-18 13:22:03Z INFO CredentialManager] GetCredentialProvider
[2025-05-18 13:22:03Z INFO CredentialManager] Creating type OAuth
[2025-05-18 13:22:03Z INFO CredentialManager] Creating credential type: OAuth
[2025-05-18 13:22:03Z INFO RSAEncryptedFileKeyManager] Loading RSA key parameters from file D:\facultate\idp\IDP_PROJECT\actions-runner\.credentials_rsaparams
[2025-05-18 13:22:53Z INFO ConfigurationStore] HasCredentials()
[2025-05-18 13:22:53Z INFO ConfigurationStore] stored True
[2025-05-18 13:22:53Z INFO CredentialManager] GetCredentialProvider
[2025-05-18 13:22:53Z INFO CredentialManager] Creating type OAuth
[2025-05-18 13:22:53Z INFO CredentialManager] Creating credential type: OAuth
[2025-05-18 13:22:53Z INFO RSAEncryptedFileKeyManager] Loading RSA key parameters from file D:\facultate\idp\IDP_PROJECT\actions-runner\.credentials_rsaparams
[2025-05-18 13:23:43Z INFO ConfigurationStore] HasCredentials()
[2025-05-18 13:23:43Z INFO ConfigurationStore] stored True
[2025-05-18 13:23:43Z INFO CredentialManager] GetCredentialProvider
[2025-05-18 13:23:43Z INFO CredentialManager] Creating type OAuth
[2025-05-18 13:23:43Z INFO CredentialManager] Creating credential type: OAuth
[2025-05-18 13:23:43Z INFO RSAEncryptedFileKeyManager] Loading RSA key parameters from file D:\facultate\idp\IDP_PROJECT\actions-runner\.credentials_rsaparams
[2025-05-18 13:24:34Z INFO ConfigurationStore] HasCredentials()
[2025-05-18 13:24:34Z INFO ConfigurationStore] stored True
[2025-05-18 13:24:34Z INFO CredentialManager] GetCredentialProvider
[2025-05-18 13:24:34Z INFO CredentialManager] Creating type OAuth
[2025-05-18 13:24:34Z INFO CredentialManager] Creating credential type: OAuth
[2025-05-18 13:24:34Z INFO RSAEncryptedFileKeyManager] Loading RSA key parameters from file D:\facultate\idp\IDP_PROJECT\actions-runner\.credentials_rsaparams
[2025-05-18 13:25:24Z INFO ConfigurationStore] HasCredentials()
[2025-05-18 13:25:24Z INFO ConfigurationStore] stored True
[2025-05-18 13:25:24Z INFO CredentialManager] GetCredentialProvider
[2025-05-18 13:25:24Z INFO CredentialManager] Creating type OAuth
[2025-05-18 13:25:24Z INFO CredentialManager] Creating credential type: OAuth
[2025-05-18 13:25:24Z INFO RSAEncryptedFileKeyManager] Loading RSA key parameters from file D:\facultate\idp\IDP_PROJECT\actions-runner\.credentials_rsaparams
[2025-05-18 13:26:14Z INFO MessageListener] No message retrieved from session '75851330-ae09-45e1-ad58-f6406279320e' within last 30 minutes.
[2025-05-18 13:26:14Z INFO ConfigurationStore] HasCredentials()
[2025-05-18 13:26:14Z INFO ConfigurationStore] stored True
[2025-05-18 13:26:14Z INFO CredentialManager] GetCredentialProvider
[2025-05-18 13:26:14Z INFO CredentialManager] Creating type OAuth
[2025-05-18 13:26:14Z INFO CredentialManager] Creating credential type: OAuth
[2025-05-18 13:26:14Z INFO RSAEncryptedFileKeyManager] Loading RSA key parameters from file D:\facultate\idp\IDP_PROJECT\actions-runner\.credentials_rsaparams
[2025-05-18 13:27:05Z INFO ConfigurationStore] HasCredentials()
[2025-05-18 13:27:05Z INFO ConfigurationStore] stored True
[2025-05-18 13:27:05Z INFO CredentialManager] GetCredentialProvider
[2025-05-18 13:27:05Z INFO CredentialManager] Creating type OAuth
[2025-05-18 13:27:05Z INFO CredentialManager] Creating credential type: OAuth
[2025-05-18 13:27:05Z INFO RSAEncryptedFileKeyManager] Loading RSA key parameters from file D:\facultate\idp\IDP_PROJECT\actions-runner\.credentials_rsaparams
[2025-05-18 13:27:55Z INFO ConfigurationStore] HasCredentials()
[2025-05-18 13:27:55Z INFO ConfigurationStore] stored True
[2025-05-18 13:27:55Z INFO CredentialManager] GetCredentialProvider
[2025-05-18 13:27:55Z INFO CredentialManager] Creating type OAuth
[2025-05-18 13:27:55Z INFO CredentialManager] Creating credential type: OAuth
[2025-05-18 13:27:55Z INFO RSAEncryptedFileKeyManager] Loading RSA key parameters from file D:\facultate\idp\IDP_PROJECT\actions-runner\.credentials_rsaparams
[2025-05-18 13:28:45Z INFO ConfigurationStore] HasCredentials()
[2025-05-18 13:28:45Z INFO ConfigurationStore] stored True
[2025-05-18 13:28:45Z INFO CredentialManager] GetCredentialProvider
[2025-05-18 13:28:45Z INFO CredentialManager] Creating type OAuth
[2025-05-18 13:28:45Z INFO CredentialManager] Creating credential type: OAuth
[2025-05-18 13:28:45Z INFO RSAEncryptedFileKeyManager] Loading RSA key parameters from file D:\facultate\idp\IDP_PROJECT\actions-runner\.credentials_rsaparams
[2025-05-18 13:29:36Z INFO ConfigurationStore] HasCredentials()
[2025-05-18 13:29:36Z INFO ConfigurationStore] stored True
[2025-05-18 13:29:36Z INFO CredentialManager] GetCredentialProvider
[2025-05-18 13:29:36Z INFO CredentialManager] Creating type OAuth
[2025-05-18 13:29:36Z INFO CredentialManager] Creating credential type: OAuth
[2025-05-18 13:29:36Z INFO RSAEncryptedFileKeyManager] Loading RSA key parameters from file D:\facultate\idp\IDP_PROJECT\actions-runner\.credentials_rsaparams
[2025-05-18 13:30:26Z INFO ConfigurationStore] HasCredentials()
[2025-05-18 13:30:26Z INFO ConfigurationStore] stored True
[2025-05-18 13:30:26Z INFO CredentialManager] GetCredentialProvider
[2025-05-18 13:30:26Z INFO CredentialManager] Creating type OAuth
[2025-05-18 13:30:26Z INFO CredentialManager] Creating credential type: OAuth
[2025-05-18 13:30:26Z INFO RSAEncryptedFileKeyManager] Loading RSA key parameters from file D:\facultate\idp\IDP_PROJECT\actions-runner\.credentials_rsaparams
[2025-05-18 13:31:16Z INFO ConfigurationStore] HasCredentials()
[2025-05-18 13:31:16Z INFO ConfigurationStore] stored True
[2025-05-18 13:31:16Z INFO CredentialManager] GetCredentialProvider
[2025-05-18 13:31:16Z INFO CredentialManager] Creating type OAuth
[2025-05-18 13:31:16Z INFO CredentialManager] Creating credential type: OAuth
[2025-05-18 13:31:16Z INFO RSAEncryptedFileKeyManager] Loading RSA key parameters from file D:\facultate\idp\IDP_PROJECT\actions-runner\.credentials_rsaparams
[2025-05-18 13:32:06Z INFO ConfigurationStore] HasCredentials()
[2025-05-18 13:32:06Z INFO ConfigurationStore] stored True
[2025-05-18 13:32:06Z INFO CredentialManager] GetCredentialProvider
[2025-05-18 13:32:06Z INFO CredentialManager] Creating type OAuth
[2025-05-18 13:32:06Z INFO CredentialManager] Creating credential type: OAuth
[2025-05-18 13:32:06Z INFO RSAEncryptedFileKeyManager] Loading RSA key parameters from file D:\facultate\idp\IDP_PROJECT\actions-runner\.credentials_rsaparams
[2025-05-18 13:32:57Z INFO ConfigurationStore] HasCredentials()
[2025-05-18 13:32:57Z INFO ConfigurationStore] stored True
[2025-05-18 13:32:57Z INFO CredentialManager] GetCredentialProvider
[2025-05-18 13:32:57Z INFO CredentialManager] Creating type OAuth
[2025-05-18 13:32:57Z INFO CredentialManager] Creating credential type: OAuth
[2025-05-18 13:32:57Z INFO RSAEncryptedFileKeyManager] Loading RSA key parameters from file D:\facultate\idp\IDP_PROJECT\actions-runner\.credentials_rsaparams
[2025-05-18 13:33:47Z INFO ConfigurationStore] HasCredentials()
[2025-05-18 13:33:47Z INFO ConfigurationStore] stored True
[2025-05-18 13:33:47Z INFO CredentialManager] GetCredentialProvider
[2025-05-18 13:33:47Z INFO CredentialManager] Creating type OAuth
[2025-05-18 13:33:47Z INFO CredentialManager] Creating credential type: OAuth
[2025-05-18 13:33:47Z INFO RSAEncryptedFileKeyManager] Loading RSA key parameters from file D:\facultate\idp\IDP_PROJECT\actions-runner\.credentials_rsaparams
[2025-05-18 13:34:38Z INFO ConfigurationStore] HasCredentials()
[2025-05-18 13:34:38Z INFO ConfigurationStore] stored True
[2025-05-18 13:34:38Z INFO CredentialManager] GetCredentialProvider
[2025-05-18 13:34:38Z INFO CredentialManager] Creating type OAuth
[2025-05-18 13:34:38Z INFO CredentialManager] Creating credential type: OAuth
[2025-05-18 13:34:38Z INFO RSAEncryptedFileKeyManager] Loading RSA key parameters from file D:\facultate\idp\IDP_PROJECT\actions-runner\.credentials_rsaparams
[2025-05-18 13:35:28Z INFO ConfigurationStore] HasCredentials()
[2025-05-18 13:35:28Z INFO ConfigurationStore] stored True
[2025-05-18 13:35:28Z INFO CredentialManager] GetCredentialProvider
[2025-05-18 13:35:28Z INFO CredentialManager] Creating type OAuth
[2025-05-18 13:35:28Z INFO CredentialManager] Creating credential type: OAuth
[2025-05-18 13:35:28Z INFO RSAEncryptedFileKeyManager] Loading RSA key parameters from file D:\facultate\idp\IDP_PROJECT\actions-runner\.credentials_rsaparams
[2025-05-18 13:36:18Z INFO ConfigurationStore] HasCredentials()
[2025-05-18 13:36:18Z INFO ConfigurationStore] stored True
[2025-05-18 13:36:18Z INFO CredentialManager] GetCredentialProvider
[2025-05-18 13:36:18Z INFO CredentialManager] Creating type OAuth
[2025-05-18 13:36:18Z INFO CredentialManager] Creating credential type: OAuth
[2025-05-18 13:36:18Z INFO RSAEncryptedFileKeyManager] Loading RSA key parameters from file D:\facultate\idp\IDP_PROJECT\actions-runner\.credentials_rsaparams
[2025-05-18 13:37:09Z INFO ConfigurationStore] HasCredentials()
[2025-05-18 13:37:09Z INFO ConfigurationStore] stored True
[2025-05-18 13:37:09Z INFO CredentialManager] GetCredentialProvider
[2025-05-18 13:37:09Z INFO CredentialManager] Creating type OAuth
[2025-05-18 13:37:09Z INFO CredentialManager] Creating credential type: OAuth
[2025-05-18 13:37:09Z INFO RSAEncryptedFileKeyManager] Loading RSA key parameters from file D:\facultate\idp\IDP_PROJECT\actions-runner\.credentials_rsaparams
[2025-05-18 13:37:59Z INFO ConfigurationStore] HasCredentials()
[2025-05-18 13:37:59Z INFO ConfigurationStore] stored True
[2025-05-18 13:37:59Z INFO CredentialManager] GetCredentialProvider
[2025-05-18 13:37:59Z INFO CredentialManager] Creating type OAuth
[2025-05-18 13:37:59Z INFO CredentialManager] Creating credential type: OAuth
[2025-05-18 13:37:59Z INFO RSAEncryptedFileKeyManager] Loading RSA key parameters from file D:\facultate\idp\IDP_PROJECT\actions-runner\.credentials_rsaparams
[2025-05-18 13:38:49Z INFO ConfigurationStore] HasCredentials()
[2025-05-18 13:38:49Z INFO ConfigurationStore] stored True
[2025-05-18 13:38:49Z INFO CredentialManager] GetCredentialProvider
[2025-05-18 13:38:49Z INFO CredentialManager] Creating type OAuth
[2025-05-18 13:38:49Z INFO CredentialManager] Creating credential type: OAuth
[2025-05-18 13:38:49Z INFO RSAEncryptedFileKeyManager] Loading RSA key parameters from file D:\facultate\idp\IDP_PROJECT\actions-runner\.credentials_rsaparams
[2025-05-18 13:39:40Z INFO ConfigurationStore] HasCredentials()
[2025-05-18 13:39:40Z INFO ConfigurationStore] stored True
[2025-05-18 13:39:40Z INFO CredentialManager] GetCredentialProvider
[2025-05-18 13:39:40Z INFO CredentialManager] Creating type OAuth
[2025-05-18 13:39:40Z INFO CredentialManager] Creating credential type: OAuth
[2025-05-18 13:39:40Z INFO RSAEncryptedFileKeyManager] Loading RSA key parameters from file D:\facultate\idp\IDP_PROJECT\actions-runner\.credentials_rsaparams
[2025-05-18 13:40:30Z INFO ConfigurationStore] HasCredentials()
[2025-05-18 13:40:30Z INFO ConfigurationStore] stored True
[2025-05-18 13:40:30Z INFO CredentialManager] GetCredentialProvider
[2025-05-18 13:40:30Z INFO CredentialManager] Creating type OAuth
[2025-05-18 13:40:30Z INFO CredentialManager] Creating credential type: OAuth
[2025-05-18 13:40:30Z INFO RSAEncryptedFileKeyManager] Loading RSA key parameters from file D:\facultate\idp\IDP_PROJECT\actions-runner\.credentials_rsaparams
[2025-05-18 13:41:20Z INFO ConfigurationStore] HasCredentials()
[2025-05-18 13:41:20Z INFO ConfigurationStore] stored True
[2025-05-18 13:41:20Z INFO CredentialManager] GetCredentialProvider
[2025-05-18 13:41:20Z INFO CredentialManager] Creating type OAuth
[2025-05-18 13:41:20Z INFO CredentialManager] Creating credential type: OAuth
[2025-05-18 13:41:20Z INFO RSAEncryptedFileKeyManager] Loading RSA key parameters from file D:\facultate\idp\IDP_PROJECT\actions-runner\.credentials_rsaparams
[2025-05-18 13:42:11Z INFO ConfigurationStore] HasCredentials()
[2025-05-18 13:42:11Z INFO ConfigurationStore] stored True
[2025-05-18 13:42:11Z INFO CredentialManager] GetCredentialProvider
[2025-05-18 13:42:11Z INFO CredentialManager] Creating type OAuth
[2025-05-18 13:42:11Z INFO CredentialManager] Creating credential type: OAuth
[2025-05-18 13:42:11Z INFO RSAEncryptedFileKeyManager] Loading RSA key parameters from file D:\facultate\idp\IDP_PROJECT\actions-runner\.credentials_rsaparams
[2025-05-18 13:43:01Z INFO ConfigurationStore] HasCredentials()
[2025-05-18 13:43:01Z INFO ConfigurationStore] stored True
[2025-05-18 13:43:01Z INFO CredentialManager] GetCredentialProvider
[2025-05-18 13:43:01Z INFO CredentialManager] Creating type OAuth
[2025-05-18 13:43:01Z INFO CredentialManager] Creating credential type: OAuth
[2025-05-18 13:43:01Z INFO RSAEncryptedFileKeyManager] Loading RSA key parameters from file D:\facultate\idp\IDP_PROJECT\actions-runner\.credentials_rsaparams
[2025-05-18 13:43:51Z INFO ConfigurationStore] HasCredentials()
[2025-05-18 13:43:51Z INFO ConfigurationStore] stored True
[2025-05-18 13:43:51Z INFO CredentialManager] GetCredentialProvider
[2025-05-18 13:43:51Z INFO CredentialManager] Creating type OAuth
[2025-05-18 13:43:51Z INFO CredentialManager] Creating credential type: OAuth
[2025-05-18 13:43:51Z INFO RSAEncryptedFileKeyManager] Loading RSA key parameters from file D:\facultate\idp\IDP_PROJECT\actions-runner\.credentials_rsaparams
[2025-05-18 13:44:42Z INFO ConfigurationStore] HasCredentials()
[2025-05-18 13:44:42Z INFO ConfigurationStore] stored True
[2025-05-18 13:44:42Z INFO CredentialManager] GetCredentialProvider
[2025-05-18 13:44:42Z INFO CredentialManager] Creating type OAuth
[2025-05-18 13:44:42Z INFO CredentialManager] Creating credential type: OAuth
[2025-05-18 13:44:42Z INFO RSAEncryptedFileKeyManager] Loading RSA key parameters from file D:\facultate\idp\IDP_PROJECT\actions-runner\.credentials_rsaparams
[2025-05-18 13:45:32Z INFO ConfigurationStore] HasCredentials()
[2025-05-18 13:45:32Z INFO ConfigurationStore] stored True
[2025-05-18 13:45:32Z INFO CredentialManager] GetCredentialProvider
[2025-05-18 13:45:32Z INFO CredentialManager] Creating type OAuth
[2025-05-18 13:45:32Z INFO CredentialManager] Creating credential type: OAuth
[2025-05-18 13:45:32Z INFO RSAEncryptedFileKeyManager] Loading RSA key parameters from file D:\facultate\idp\IDP_PROJECT\actions-runner\.credentials_rsaparams
[2025-05-18 13:46:22Z INFO ConfigurationStore] HasCredentials()
[2025-05-18 13:46:22Z INFO ConfigurationStore] stored True
[2025-05-18 13:46:22Z INFO CredentialManager] GetCredentialProvider
[2025-05-18 13:46:22Z INFO CredentialManager] Creating type OAuth
[2025-05-18 13:46:22Z INFO CredentialManager] Creating credential type: OAuth
[2025-05-18 13:46:22Z INFO RSAEncryptedFileKeyManager] Loading RSA key parameters from file D:\facultate\idp\IDP_PROJECT\actions-runner\.credentials_rsaparams
[2025-05-18 13:47:12Z INFO ConfigurationStore] HasCredentials()
[2025-05-18 13:47:12Z INFO ConfigurationStore] stored True
[2025-05-18 13:47:12Z INFO CredentialManager] GetCredentialProvider
[2025-05-18 13:47:12Z INFO CredentialManager] Creating type OAuth
[2025-05-18 13:47:12Z INFO CredentialManager] Creating credential type: OAuth
[2025-05-18 13:47:12Z INFO RSAEncryptedFileKeyManager] Loading RSA key parameters from file D:\facultate\idp\IDP_PROJECT\actions-runner\.credentials_rsaparams
[2025-05-18 13:48:03Z INFO ConfigurationStore] HasCredentials()
[2025-05-18 13:48:03Z INFO ConfigurationStore] stored True
[2025-05-18 13:48:03Z INFO CredentialManager] GetCredentialProvider
[2025-05-18 13:48:03Z INFO CredentialManager] Creating type OAuth
[2025-05-18 13:48:03Z INFO CredentialManager] Creating credential type: OAuth
[2025-05-18 13:48:03Z INFO RSAEncryptedFileKeyManager] Loading RSA key parameters from file D:\facultate\idp\IDP_PROJECT\actions-runner\.credentials_rsaparams
[2025-05-18 13:48:53Z INFO ConfigurationStore] HasCredentials()
[2025-05-18 13:48:53Z INFO ConfigurationStore] stored True
[2025-05-18 13:48:53Z INFO CredentialManager] GetCredentialProvider
[2025-05-18 13:48:53Z INFO CredentialManager] Creating type OAuth
[2025-05-18 13:48:53Z INFO CredentialManager] Creating credential type: OAuth
[2025-05-18 13:48:53Z INFO RSAEncryptedFileKeyManager] Loading RSA key parameters from file D:\facultate\idp\IDP_PROJECT\actions-runner\.credentials_rsaparams
[2025-05-18 13:49:44Z INFO ConfigurationStore] HasCredentials()
[2025-05-18 13:49:44Z INFO ConfigurationStore] stored True
[2025-05-18 13:49:44Z INFO CredentialManager] GetCredentialProvider
[2025-05-18 13:49:44Z INFO CredentialManager] Creating type OAuth
[2025-05-18 13:49:44Z INFO CredentialManager] Creating credential type: OAuth
[2025-05-18 13:49:44Z INFO RSAEncryptedFileKeyManager] Loading RSA key parameters from file D:\facultate\idp\IDP_PROJECT\actions-runner\.credentials_rsaparams
[2025-05-18 13:50:34Z INFO ConfigurationStore] HasCredentials()
[2025-05-18 13:50:34Z INFO ConfigurationStore] stored True
[2025-05-18 13:50:34Z INFO CredentialManager] GetCredentialProvider
[2025-05-18 13:50:34Z INFO CredentialManager] Creating type OAuth
[2025-05-18 13:50:34Z INFO CredentialManager] Creating credential type: OAuth
[2025-05-18 13:50:34Z INFO RSAEncryptedFileKeyManager] Loading RSA key parameters from file D:\facultate\idp\IDP_PROJECT\actions-runner\.credentials_rsaparams
[2025-05-18 13:51:24Z INFO ConfigurationStore] HasCredentials()
[2025-05-18 13:51:24Z INFO ConfigurationStore] stored True
[2025-05-18 13:51:24Z INFO CredentialManager] GetCredentialProvider
[2025-05-18 13:51:24Z INFO CredentialManager] Creating type OAuth
[2025-05-18 13:51:24Z INFO CredentialManager] Creating credential type: OAuth
[2025-05-18 13:51:24Z INFO RSAEncryptedFileKeyManager] Loading RSA key parameters from file D:\facultate\idp\IDP_PROJECT\actions-runner\.credentials_rsaparams
[2025-05-18 13:52:14Z INFO ConfigurationStore] HasCredentials()
[2025-05-18 13:52:14Z INFO ConfigurationStore] stored True
[2025-05-18 13:52:14Z INFO CredentialManager] GetCredentialProvider
[2025-05-18 13:52:14Z INFO CredentialManager] Creating type OAuth
[2025-05-18 13:52:14Z INFO CredentialManager] Creating credential type: OAuth
[2025-05-18 13:52:14Z INFO RSAEncryptedFileKeyManager] Loading RSA key parameters from file D:\facultate\idp\IDP_PROJECT\actions-runner\.credentials_rsaparams
[2025-05-18 13:53:05Z INFO ConfigurationStore] HasCredentials()
[2025-05-18 13:53:05Z INFO ConfigurationStore] stored True
[2025-05-18 13:53:05Z INFO CredentialManager] GetCredentialProvider
[2025-05-18 13:53:05Z INFO CredentialManager] Creating type OAuth
[2025-05-18 13:53:05Z INFO CredentialManager] Creating credential type: OAuth
[2025-05-18 13:53:05Z INFO RSAEncryptedFileKeyManager] Loading RSA key parameters from file D:\facultate\idp\IDP_PROJECT\actions-runner\.credentials_rsaparams
[2025-05-18 13:53:55Z INFO ConfigurationStore] HasCredentials()
[2025-05-18 13:53:55Z INFO ConfigurationStore] stored True
[2025-05-18 13:53:55Z INFO CredentialManager] GetCredentialProvider
[2025-05-18 13:53:55Z INFO CredentialManager] Creating type OAuth
[2025-05-18 13:53:55Z INFO CredentialManager] Creating credential type: OAuth
[2025-05-18 13:53:55Z INFO RSAEncryptedFileKeyManager] Loading RSA key parameters from file D:\facultate\idp\IDP_PROJECT\actions-runner\.credentials_rsaparams
[2025-05-18 13:54:45Z INFO ConfigurationStore] HasCredentials()
[2025-05-18 13:54:45Z INFO ConfigurationStore] stored True
[2025-05-18 13:54:45Z INFO CredentialManager] GetCredentialProvider
[2025-05-18 13:54:45Z INFO CredentialManager] Creating type OAuth
[2025-05-18 13:54:45Z INFO CredentialManager] Creating credential type: OAuth
[2025-05-18 13:54:45Z INFO RSAEncryptedFileKeyManager] Loading RSA key parameters from file D:\facultate\idp\IDP_PROJECT\actions-runner\.credentials_rsaparams
[2025-05-18 13:55:36Z INFO ConfigurationStore] HasCredentials()
[2025-05-18 13:55:36Z INFO ConfigurationStore] stored True
[2025-05-18 13:55:36Z INFO CredentialManager] GetCredentialProvider
[2025-05-18 13:55:36Z INFO CredentialManager] Creating type OAuth
[2025-05-18 13:55:36Z INFO CredentialManager] Creating credential type: OAuth
[2025-05-18 13:55:36Z INFO RSAEncryptedFileKeyManager] Loading RSA key parameters from file D:\facultate\idp\IDP_PROJECT\actions-runner\.credentials_rsaparams
[2025-05-18 13:56:26Z INFO MessageListener] No message retrieved from session '75851330-ae09-45e1-ad58-f6406279320e' within last 30 minutes.
[2025-05-18 13:56:26Z INFO ConfigurationStore] HasCredentials()
[2025-05-18 13:56:26Z INFO ConfigurationStore] stored True
[2025-05-18 13:56:26Z INFO CredentialManager] GetCredentialProvider
[2025-05-18 13:56:26Z INFO CredentialManager] Creating type OAuth
[2025-05-18 13:56:26Z INFO CredentialManager] Creating credential type: OAuth
[2025-05-18 13:56:26Z INFO RSAEncryptedFileKeyManager] Loading RSA key parameters from file D:\facultate\idp\IDP_PROJECT\actions-runner\.credentials_rsaparams
[2025-05-18 13:56:47Z WARN GitHubActionsService] Attempt 1 of GET request to https://broker.actions.githubusercontent.com/message?sessionId=75851330-ae09-45e1-ad58-f6406279320e&status=Online&runnerVersion=2.324.0&os=Windows&architecture=X64&disableUpdate=false failed (Socket Error: ConnectionReset). The operation will be retried in 11.109 seconds.
[2025-05-18 13:57:49Z INFO ConfigurationStore] HasCredentials()
[2025-05-18 13:57:49Z INFO ConfigurationStore] stored True
[2025-05-18 13:57:49Z INFO CredentialManager] GetCredentialProvider
[2025-05-18 13:57:49Z INFO CredentialManager] Creating type OAuth
[2025-05-18 13:57:49Z INFO CredentialManager] Creating credential type: OAuth
[2025-05-18 13:57:49Z INFO RSAEncryptedFileKeyManager] Loading RSA key parameters from file D:\facultate\idp\IDP_PROJECT\actions-runner\.credentials_rsaparams
[2025-05-18 13:58:39Z INFO ConfigurationStore] HasCredentials()
[2025-05-18 13:58:39Z INFO ConfigurationStore] stored True
[2025-05-18 13:58:39Z INFO CredentialManager] GetCredentialProvider
[2025-05-18 13:58:39Z INFO CredentialManager] Creating type OAuth
[2025-05-18 13:58:39Z INFO CredentialManager] Creating credential type: OAuth
[2025-05-18 13:58:39Z INFO RSAEncryptedFileKeyManager] Loading RSA key parameters from file D:\facultate\idp\IDP_PROJECT\actions-runner\.credentials_rsaparams
[2025-05-18 13:59:30Z INFO ConfigurationStore] HasCredentials()
[2025-05-18 13:59:30Z INFO ConfigurationStore] stored True
[2025-05-18 13:59:30Z INFO CredentialManager] GetCredentialProvider
[2025-05-18 13:59:30Z INFO CredentialManager] Creating type OAuth
[2025-05-18 13:59:30Z INFO CredentialManager] Creating credential type: OAuth
[2025-05-18 13:59:30Z INFO RSAEncryptedFileKeyManager] Loading RSA key parameters from file D:\facultate\idp\IDP_PROJECT\actions-runner\.credentials_rsaparams
[2025-05-18 14:00:20Z INFO ConfigurationStore] HasCredentials()
[2025-05-18 14:00:20Z INFO ConfigurationStore] stored True
[2025-05-18 14:00:20Z INFO CredentialManager] GetCredentialProvider
[2025-05-18 14:00:20Z INFO CredentialManager] Creating type OAuth
[2025-05-18 14:00:20Z INFO CredentialManager] Creating credential type: OAuth
[2025-05-18 14:00:20Z INFO RSAEncryptedFileKeyManager] Loading RSA key parameters from file D:\facultate\idp\IDP_PROJECT\actions-runner\.credentials_rsaparams
[2025-05-18 14:01:10Z INFO ConfigurationStore] HasCredentials()
[2025-05-18 14:01:10Z INFO ConfigurationStore] stored True
[2025-05-18 14:01:10Z INFO CredentialManager] GetCredentialProvider
[2025-05-18 14:01:10Z INFO CredentialManager] Creating type OAuth
[2025-05-18 14:01:10Z INFO CredentialManager] Creating credential type: OAuth
[2025-05-18 14:01:10Z INFO RSAEncryptedFileKeyManager] Loading RSA key parameters from file D:\facultate\idp\IDP_PROJECT\actions-runner\.credentials_rsaparams
[2025-05-18 14:01:10Z INFO RSAEncryptedFileKeyManager] Loading RSA key parameters from file D:\facultate\idp\IDP_PROJECT\actions-runner\.credentials_rsaparams
[2025-05-18 14:01:11Z INFO GitHubActionsService] AAD Correlation ID for this token request: Unknown
[2025-05-18 14:02:01Z INFO ConfigurationStore] HasCredentials()
[2025-05-18 14:02:01Z INFO ConfigurationStore] stored True
[2025-05-18 14:02:01Z INFO CredentialManager] GetCredentialProvider
[2025-05-18 14:02:01Z INFO CredentialManager] Creating type OAuth
[2025-05-18 14:02:01Z INFO CredentialManager] Creating credential type: OAuth
[2025-05-18 14:02:01Z INFO RSAEncryptedFileKeyManager] Loading RSA key parameters from file D:\facultate\idp\IDP_PROJECT\actions-runner\.credentials_rsaparams
[2025-05-18 14:02:52Z INFO ConfigurationStore] HasCredentials()
[2025-05-18 14:02:52Z INFO ConfigurationStore] stored True
[2025-05-18 14:02:52Z INFO CredentialManager] GetCredentialProvider
[2025-05-18 14:02:52Z INFO CredentialManager] Creating type OAuth
[2025-05-18 14:02:52Z INFO CredentialManager] Creating credential type: OAuth
[2025-05-18 14:02:52Z INFO RSAEncryptedFileKeyManager] Loading RSA key parameters from file D:\facultate\idp\IDP_PROJECT\actions-runner\.credentials_rsaparams
[2025-05-18 14:03:42Z INFO ConfigurationStore] HasCredentials()
[2025-05-18 14:03:42Z INFO ConfigurationStore] stored True
[2025-05-18 14:03:42Z INFO CredentialManager] GetCredentialProvider
[2025-05-18 14:03:42Z INFO CredentialManager] Creating type OAuth
[2025-05-18 14:03:42Z INFO CredentialManager] Creating credential type: OAuth
[2025-05-18 14:03:42Z INFO RSAEncryptedFileKeyManager] Loading RSA key parameters from file D:\facultate\idp\IDP_PROJECT\actions-runner\.credentials_rsaparams
[2025-05-18 14:04:32Z INFO ConfigurationStore] HasCredentials()
[2025-05-18 14:04:32Z INFO ConfigurationStore] stored True
[2025-05-18 14:04:32Z INFO CredentialManager] GetCredentialProvider
[2025-05-18 14:04:32Z INFO CredentialManager] Creating type OAuth
[2025-05-18 14:04:32Z INFO CredentialManager] Creating credential type: OAuth
[2025-05-18 14:04:32Z INFO RSAEncryptedFileKeyManager] Loading RSA key parameters from file D:\facultate\idp\IDP_PROJECT\actions-runner\.credentials_rsaparams
[2025-05-18 14:05:23Z INFO ConfigurationStore] HasCredentials()
[2025-05-18 14:05:23Z INFO ConfigurationStore] stored True
[2025-05-18 14:05:23Z INFO CredentialManager] GetCredentialProvider
[2025-05-18 14:05:23Z INFO CredentialManager] Creating type OAuth
[2025-05-18 14:05:23Z INFO CredentialManager] Creating credential type: OAuth
[2025-05-18 14:05:23Z INFO RSAEncryptedFileKeyManager] Loading RSA key parameters from file D:\facultate\idp\IDP_PROJECT\actions-runner\.credentials_rsaparams
[2025-05-18 14:06:13Z INFO ConfigurationStore] HasCredentials()
[2025-05-18 14:06:13Z INFO ConfigurationStore] stored True
[2025-05-18 14:06:13Z INFO CredentialManager] GetCredentialProvider
[2025-05-18 14:06:13Z INFO CredentialManager] Creating type OAuth
[2025-05-18 14:06:13Z INFO CredentialManager] Creating credential type: OAuth
[2025-05-18 14:06:13Z INFO RSAEncryptedFileKeyManager] Loading RSA key parameters from file D:\facultate\idp\IDP_PROJECT\actions-runner\.credentials_rsaparams
[2025-05-18 14:07:03Z INFO ConfigurationStore] HasCredentials()
[2025-05-18 14:07:03Z INFO ConfigurationStore] stored True
[2025-05-18 14:07:03Z INFO CredentialManager] GetCredentialProvider
[2025-05-18 14:07:03Z INFO CredentialManager] Creating type OAuth
[2025-05-18 14:07:03Z INFO CredentialManager] Creating credential type: OAuth
[2025-05-18 14:07:03Z INFO RSAEncryptedFileKeyManager] Loading RSA key parameters from file D:\facultate\idp\IDP_PROJECT\actions-runner\.credentials_rsaparams
[2025-05-18 14:07:53Z INFO ConfigurationStore] HasCredentials()
[2025-05-18 14:07:53Z INFO ConfigurationStore] stored True
[2025-05-18 14:07:53Z INFO CredentialManager] GetCredentialProvider
[2025-05-18 14:07:53Z INFO CredentialManager] Creating type OAuth
[2025-05-18 14:07:53Z INFO CredentialManager] Creating credential type: OAuth
[2025-05-18 14:07:53Z INFO RSAEncryptedFileKeyManager] Loading RSA key parameters from file D:\facultate\idp\IDP_PROJECT\actions-runner\.credentials_rsaparams
[2025-05-18 14:08:44Z INFO ConfigurationStore] HasCredentials()
[2025-05-18 14:08:44Z INFO ConfigurationStore] stored True
[2025-05-18 14:08:44Z INFO CredentialManager] GetCredentialProvider
[2025-05-18 14:08:44Z INFO CredentialManager] Creating type OAuth
[2025-05-18 14:08:44Z INFO CredentialManager] Creating credential type: OAuth
[2025-05-18 14:08:44Z INFO RSAEncryptedFileKeyManager] Loading RSA key parameters from file D:\facultate\idp\IDP_PROJECT\actions-runner\.credentials_rsaparams
[2025-05-18 14:09:34Z INFO ConfigurationStore] HasCredentials()
[2025-05-18 14:09:34Z INFO ConfigurationStore] stored True
[2025-05-18 14:09:34Z INFO CredentialManager] GetCredentialProvider
[2025-05-18 14:09:34Z INFO CredentialManager] Creating type OAuth
[2025-05-18 14:09:34Z INFO CredentialManager] Creating credential type: OAuth
[2025-05-18 14:09:34Z INFO RSAEncryptedFileKeyManager] Loading RSA key parameters from file D:\facultate\idp\IDP_PROJECT\actions-runner\.credentials_rsaparams
[2025-05-18 14:10:25Z INFO ConfigurationStore] HasCredentials()
[2025-05-18 14:10:25Z INFO ConfigurationStore] stored True
[2025-05-18 14:10:25Z INFO CredentialManager] GetCredentialProvider
[2025-05-18 14:10:25Z INFO CredentialManager] Creating type OAuth
[2025-05-18 14:10:25Z INFO CredentialManager] Creating credential type: OAuth
[2025-05-18 14:10:25Z INFO RSAEncryptedFileKeyManager] Loading RSA key parameters from file D:\facultate\idp\IDP_PROJECT\actions-runner\.credentials_rsaparams
[2025-05-18 14:11:15Z INFO RSAEncryptedFileKeyManager] Loading RSA key parameters from file D:\facultate\idp\IDP_PROJECT\actions-runner\.credentials_rsaparams
[2025-05-18 14:11:16Z INFO GitHubActionsService] AAD Correlation ID for this token request: Unknown
[2025-05-18 14:11:16Z INFO ConfigurationStore] HasCredentials()
[2025-05-18 14:11:16Z INFO ConfigurationStore] stored True
[2025-05-18 14:11:16Z INFO CredentialManager] GetCredentialProvider
[2025-05-18 14:11:16Z INFO CredentialManager] Creating type OAuth
[2025-05-18 14:11:16Z INFO CredentialManager] Creating credential type: OAuth
[2025-05-18 14:11:16Z INFO RSAEncryptedFileKeyManager] Loading RSA key parameters from file D:\facultate\idp\IDP_PROJECT\actions-runner\.credentials_rsaparams
[2025-05-18 14:12:06Z INFO ConfigurationStore] HasCredentials()
[2025-05-18 14:12:06Z INFO ConfigurationStore] stored True
[2025-05-18 14:12:06Z INFO CredentialManager] GetCredentialProvider
[2025-05-18 14:12:06Z INFO CredentialManager] Creating type OAuth
[2025-05-18 14:12:06Z INFO CredentialManager] Creating credential type: OAuth
[2025-05-18 14:12:06Z INFO RSAEncryptedFileKeyManager] Loading RSA key parameters from file D:\facultate\idp\IDP_PROJECT\actions-runner\.credentials_rsaparams
[2025-05-18 14:12:56Z INFO ConfigurationStore] HasCredentials()
[2025-05-18 14:12:56Z INFO ConfigurationStore] stored True
[2025-05-18 14:12:56Z INFO CredentialManager] GetCredentialProvider
[2025-05-18 14:12:56Z INFO CredentialManager] Creating type OAuth
[2025-05-18 14:12:56Z INFO CredentialManager] Creating credential type: OAuth
[2025-05-18 14:12:56Z INFO RSAEncryptedFileKeyManager] Loading RSA key parameters from file D:\facultate\idp\IDP_PROJECT\actions-runner\.credentials_rsaparams
[2025-05-18 14:13:47Z INFO ConfigurationStore] HasCredentials()
[2025-05-18 14:13:47Z INFO ConfigurationStore] stored True
[2025-05-18 14:13:47Z INFO CredentialManager] GetCredentialProvider
[2025-05-18 14:13:47Z INFO CredentialManager] Creating type OAuth
[2025-05-18 14:13:47Z INFO CredentialManager] Creating credential type: OAuth
[2025-05-18 14:13:47Z INFO RSAEncryptedFileKeyManager] Loading RSA key parameters from file D:\facultate\idp\IDP_PROJECT\actions-runner\.credentials_rsaparams
[2025-05-18 14:14:37Z INFO ConfigurationStore] HasCredentials()
[2025-05-18 14:14:37Z INFO ConfigurationStore] stored True
[2025-05-18 14:14:37Z INFO CredentialManager] GetCredentialProvider
[2025-05-18 14:14:37Z INFO CredentialManager] Creating type OAuth
[2025-05-18 14:14:37Z INFO CredentialManager] Creating credential type: OAuth
[2025-05-18 14:14:37Z INFO RSAEncryptedFileKeyManager] Loading RSA key parameters from file D:\facultate\idp\IDP_PROJECT\actions-runner\.credentials_rsaparams
[2025-05-18 14:15:28Z INFO ConfigurationStore] HasCredentials()
[2025-05-18 14:15:28Z INFO ConfigurationStore] stored True
[2025-05-18 14:15:28Z INFO CredentialManager] GetCredentialProvider
[2025-05-18 14:15:28Z INFO CredentialManager] Creating type OAuth
[2025-05-18 14:15:28Z INFO CredentialManager] Creating credential type: OAuth
[2025-05-18 14:15:28Z INFO RSAEncryptedFileKeyManager] Loading RSA key parameters from file D:\facultate\idp\IDP_PROJECT\actions-runner\.credentials_rsaparams
[2025-05-18 14:16:18Z INFO ConfigurationStore] HasCredentials()
[2025-05-18 14:16:18Z INFO ConfigurationStore] stored True
[2025-05-18 14:16:18Z INFO CredentialManager] GetCredentialProvider
[2025-05-18 14:16:18Z INFO CredentialManager] Creating type OAuth
[2025-05-18 14:16:18Z INFO CredentialManager] Creating credential type: OAuth
[2025-05-18 14:16:18Z INFO RSAEncryptedFileKeyManager] Loading RSA key parameters from file D:\facultate\idp\IDP_PROJECT\actions-runner\.credentials_rsaparams
[2025-05-18 14:17:08Z INFO ConfigurationStore] HasCredentials()
[2025-05-18 14:17:08Z INFO ConfigurationStore] stored True
[2025-05-18 14:17:08Z INFO CredentialManager] GetCredentialProvider
[2025-05-18 14:17:08Z INFO CredentialManager] Creating type OAuth
[2025-05-18 14:17:08Z INFO CredentialManager] Creating credential type: OAuth
[2025-05-18 14:17:08Z INFO RSAEncryptedFileKeyManager] Loading RSA key parameters from file D:\facultate\idp\IDP_PROJECT\actions-runner\.credentials_rsaparams
[2025-05-18 14:17:59Z INFO ConfigurationStore] HasCredentials()
[2025-05-18 14:17:59Z INFO ConfigurationStore] stored True
[2025-05-18 14:17:59Z INFO CredentialManager] GetCredentialProvider
[2025-05-18 14:17:59Z INFO CredentialManager] Creating type OAuth
[2025-05-18 14:17:59Z INFO CredentialManager] Creating credential type: OAuth
[2025-05-18 14:17:59Z INFO RSAEncryptedFileKeyManager] Loading RSA key parameters from file D:\facultate\idp\IDP_PROJECT\actions-runner\.credentials_rsaparams
[2025-05-18 14:18:49Z INFO ConfigurationStore] HasCredentials()
[2025-05-18 14:18:49Z INFO ConfigurationStore] stored True
[2025-05-18 14:18:49Z INFO CredentialManager] GetCredentialProvider
[2025-05-18 14:18:49Z INFO CredentialManager] Creating type OAuth
[2025-05-18 14:18:49Z INFO CredentialManager] Creating credential type: OAuth
[2025-05-18 14:18:49Z INFO RSAEncryptedFileKeyManager] Loading RSA key parameters from file D:\facultate\idp\IDP_PROJECT\actions-runner\.credentials_rsaparams
[2025-05-18 14:19:39Z INFO ConfigurationStore] HasCredentials()
[2025-05-18 14:19:39Z INFO ConfigurationStore] stored True
[2025-05-18 14:19:39Z INFO CredentialManager] GetCredentialProvider
[2025-05-18 14:19:39Z INFO CredentialManager] Creating type OAuth
[2025-05-18 14:19:39Z INFO CredentialManager] Creating credential type: OAuth
[2025-05-18 14:19:39Z INFO RSAEncryptedFileKeyManager] Loading RSA key parameters from file D:\facultate\idp\IDP_PROJECT\actions-runner\.credentials_rsaparams
[2025-05-18 14:20:30Z INFO ConfigurationStore] HasCredentials()
[2025-05-18 14:20:30Z INFO ConfigurationStore] stored True
[2025-05-18 14:20:30Z INFO CredentialManager] GetCredentialProvider
[2025-05-18 14:20:30Z INFO CredentialManager] Creating type OAuth
[2025-05-18 14:20:30Z INFO CredentialManager] Creating credential type: OAuth
[2025-05-18 14:20:30Z INFO RSAEncryptedFileKeyManager] Loading RSA key parameters from file D:\facultate\idp\IDP_PROJECT\actions-runner\.credentials_rsaparams
[2025-05-18 14:21:20Z INFO ConfigurationStore] HasCredentials()
[2025-05-18 14:21:20Z INFO ConfigurationStore] stored True
[2025-05-18 14:21:20Z INFO CredentialManager] GetCredentialProvider
[2025-05-18 14:21:20Z INFO CredentialManager] Creating type OAuth
[2025-05-18 14:21:20Z INFO CredentialManager] Creating credential type: OAuth
[2025-05-18 14:21:20Z INFO RSAEncryptedFileKeyManager] Loading RSA key parameters from file D:\facultate\idp\IDP_PROJECT\actions-runner\.credentials_rsaparams
[2025-05-18 14:22:10Z INFO ConfigurationStore] HasCredentials()
[2025-05-18 14:22:10Z INFO ConfigurationStore] stored True
[2025-05-18 14:22:10Z INFO CredentialManager] GetCredentialProvider
[2025-05-18 14:22:10Z INFO CredentialManager] Creating type OAuth
[2025-05-18 14:22:10Z INFO CredentialManager] Creating credential type: OAuth
[2025-05-18 14:22:10Z INFO RSAEncryptedFileKeyManager] Loading RSA key parameters from file D:\facultate\idp\IDP_PROJECT\actions-runner\.credentials_rsaparams
[2025-05-18 14:23:00Z INFO ConfigurationStore] HasCredentials()
[2025-05-18 14:23:00Z INFO ConfigurationStore] stored True
[2025-05-18 14:23:00Z INFO CredentialManager] GetCredentialProvider
[2025-05-18 14:23:00Z INFO CredentialManager] Creating type OAuth
[2025-05-18 14:23:00Z INFO CredentialManager] Creating credential type: OAuth
[2025-05-18 14:23:00Z INFO RSAEncryptedFileKeyManager] Loading RSA key parameters from file D:\facultate\idp\IDP_PROJECT\actions-runner\.credentials_rsaparams
[2025-05-18 14:23:51Z INFO ConfigurationStore] HasCredentials()
[2025-05-18 14:23:51Z INFO ConfigurationStore] stored True
[2025-05-18 14:23:51Z INFO CredentialManager] GetCredentialProvider
[2025-05-18 14:23:51Z INFO CredentialManager] Creating type OAuth
[2025-05-18 14:23:51Z INFO CredentialManager] Creating credential type: OAuth
[2025-05-18 14:23:51Z INFO RSAEncryptedFileKeyManager] Loading RSA key parameters from file D:\facultate\idp\IDP_PROJECT\actions-runner\.credentials_rsaparams
[2025-05-18 14:24:41Z INFO ConfigurationStore] HasCredentials()
[2025-05-18 14:24:41Z INFO ConfigurationStore] stored True
[2025-05-18 14:24:41Z INFO CredentialManager] GetCredentialProvider
[2025-05-18 14:24:41Z INFO CredentialManager] Creating type OAuth
[2025-05-18 14:24:41Z INFO CredentialManager] Creating credential type: OAuth
[2025-05-18 14:24:41Z INFO RSAEncryptedFileKeyManager] Loading RSA key parameters from file D:\facultate\idp\IDP_PROJECT\actions-runner\.credentials_rsaparams
[2025-05-18 14:25:31Z INFO ConfigurationStore] HasCredentials()
[2025-05-18 14:25:31Z INFO ConfigurationStore] stored True
[2025-05-18 14:25:31Z INFO CredentialManager] GetCredentialProvider
[2025-05-18 14:25:31Z INFO CredentialManager] Creating type OAuth
[2025-05-18 14:25:31Z INFO CredentialManager] Creating credential type: OAuth
[2025-05-18 14:25:31Z INFO RSAEncryptedFileKeyManager] Loading RSA key parameters from file D:\facultate\idp\IDP_PROJECT\actions-runner\.credentials_rsaparams
[2025-05-18 14:26:22Z INFO ConfigurationStore] HasCredentials()
[2025-05-18 14:26:22Z INFO ConfigurationStore] stored True
[2025-05-18 14:26:22Z INFO CredentialManager] GetCredentialProvider
[2025-05-18 14:26:22Z INFO CredentialManager] Creating type OAuth
[2025-05-18 14:26:22Z INFO CredentialManager] Creating credential type: OAuth
[2025-05-18 14:26:22Z INFO RSAEncryptedFileKeyManager] Loading RSA key parameters from file D:\facultate\idp\IDP_PROJECT\actions-runner\.credentials_rsaparams
[2025-05-18 14:27:12Z INFO MessageListener] No message retrieved from session '75851330-ae09-45e1-ad58-f6406279320e' within last 30 minutes.
[2025-05-18 14:27:12Z INFO ConfigurationStore] HasCredentials()
[2025-05-18 14:27:12Z INFO ConfigurationStore] stored True
[2025-05-18 14:27:12Z INFO CredentialManager] GetCredentialProvider
[2025-05-18 14:27:12Z INFO CredentialManager] Creating type OAuth
[2025-05-18 14:27:12Z INFO CredentialManager] Creating credential type: OAuth
[2025-05-18 14:27:12Z INFO RSAEncryptedFileKeyManager] Loading RSA key parameters from file D:\facultate\idp\IDP_PROJECT\actions-runner\.credentials_rsaparams
[2025-05-18 14:28:02Z INFO ConfigurationStore] HasCredentials()
[2025-05-18 14:28:02Z INFO ConfigurationStore] stored True
[2025-05-18 14:28:02Z INFO CredentialManager] GetCredentialProvider
[2025-05-18 14:28:02Z INFO CredentialManager] Creating type OAuth
[2025-05-18 14:28:02Z INFO CredentialManager] Creating credential type: OAuth
[2025-05-18 14:28:02Z INFO RSAEncryptedFileKeyManager] Loading RSA key parameters from file D:\facultate\idp\IDP_PROJECT\actions-runner\.credentials_rsaparams
[2025-05-18 14:28:53Z INFO ConfigurationStore] HasCredentials()
[2025-05-18 14:28:53Z INFO ConfigurationStore] stored True
[2025-05-18 14:28:53Z INFO CredentialManager] GetCredentialProvider
[2025-05-18 14:28:53Z INFO CredentialManager] Creating type OAuth
[2025-05-18 14:28:53Z INFO CredentialManager] Creating credential type: OAuth
[2025-05-18 14:28:53Z INFO RSAEncryptedFileKeyManager] Loading RSA key parameters from file D:\facultate\idp\IDP_PROJECT\actions-runner\.credentials_rsaparams
[2025-05-18 14:29:43Z INFO ConfigurationStore] HasCredentials()
[2025-05-18 14:29:43Z INFO ConfigurationStore] stored True
[2025-05-18 14:29:43Z INFO CredentialManager] GetCredentialProvider
[2025-05-18 14:29:43Z INFO CredentialManager] Creating type OAuth
[2025-05-18 14:29:43Z INFO CredentialManager] Creating credential type: OAuth
[2025-05-18 14:29:43Z INFO RSAEncryptedFileKeyManager] Loading RSA key parameters from file D:\facultate\idp\IDP_PROJECT\actions-runner\.credentials_rsaparams
[2025-05-18 14:30:34Z INFO ConfigurationStore] HasCredentials()
[2025-05-18 14:30:34Z INFO ConfigurationStore] stored True
[2025-05-18 14:30:34Z INFO CredentialManager] GetCredentialProvider
[2025-05-18 14:30:34Z INFO CredentialManager] Creating type OAuth
[2025-05-18 14:30:34Z INFO CredentialManager] Creating credential type: OAuth
[2025-05-18 14:30:34Z INFO RSAEncryptedFileKeyManager] Loading RSA key parameters from file D:\facultate\idp\IDP_PROJECT\actions-runner\.credentials_rsaparams
[2025-05-18 14:31:24Z INFO ConfigurationStore] HasCredentials()
[2025-05-18 14:31:24Z INFO ConfigurationStore] stored True
[2025-05-18 14:31:24Z INFO CredentialManager] GetCredentialProvider
[2025-05-18 14:31:24Z INFO CredentialManager] Creating type OAuth
[2025-05-18 14:31:24Z INFO CredentialManager] Creating credential type: OAuth
[2025-05-18 14:31:24Z INFO RSAEncryptedFileKeyManager] Loading RSA key parameters from file D:\facultate\idp\IDP_PROJECT\actions-runner\.credentials_rsaparams
[2025-05-18 14:32:14Z INFO ConfigurationStore] HasCredentials()
[2025-05-18 14:32:14Z INFO ConfigurationStore] stored True
[2025-05-18 14:32:14Z INFO CredentialManager] GetCredentialProvider
[2025-05-18 14:32:14Z INFO CredentialManager] Creating type OAuth
[2025-05-18 14:32:14Z INFO CredentialManager] Creating credential type: OAuth
[2025-05-18 14:32:14Z INFO RSAEncryptedFileKeyManager] Loading RSA key parameters from file D:\facultate\idp\IDP_PROJECT\actions-runner\.credentials_rsaparams
[2025-05-18 14:33:05Z INFO ConfigurationStore] HasCredentials()
[2025-05-18 14:33:05Z INFO ConfigurationStore] stored True
[2025-05-18 14:33:05Z INFO CredentialManager] GetCredentialProvider
[2025-05-18 14:33:05Z INFO CredentialManager] Creating type OAuth
[2025-05-18 14:33:05Z INFO CredentialManager] Creating credential type: OAuth
[2025-05-18 14:33:05Z INFO RSAEncryptedFileKeyManager] Loading RSA key parameters from file D:\facultate\idp\IDP_PROJECT\actions-runner\.credentials_rsaparams
[2025-05-18 14:33:55Z INFO ConfigurationStore] HasCredentials()
[2025-05-18 14:33:55Z INFO ConfigurationStore] stored True
[2025-05-18 14:33:55Z INFO CredentialManager] GetCredentialProvider
[2025-05-18 14:33:55Z INFO CredentialManager] Creating type OAuth
[2025-05-18 14:33:55Z INFO CredentialManager] Creating credential type: OAuth
[2025-05-18 14:33:55Z INFO RSAEncryptedFileKeyManager] Loading RSA key parameters from file D:\facultate\idp\IDP_PROJECT\actions-runner\.credentials_rsaparams
[2025-05-18 14:34:45Z INFO ConfigurationStore] HasCredentials()
[2025-05-18 14:34:45Z INFO ConfigurationStore] stored True
[2025-05-18 14:34:45Z INFO CredentialManager] GetCredentialProvider
[2025-05-18 14:34:45Z INFO CredentialManager] Creating type OAuth
[2025-05-18 14:34:45Z INFO CredentialManager] Creating credential type: OAuth
[2025-05-18 14:34:45Z INFO RSAEncryptedFileKeyManager] Loading RSA key parameters from file D:\facultate\idp\IDP_PROJECT\actions-runner\.credentials_rsaparams
[2025-05-18 14:35:35Z INFO ConfigurationStore] HasCredentials()
[2025-05-18 14:35:35Z INFO ConfigurationStore] stored True
[2025-05-18 14:35:35Z INFO CredentialManager] GetCredentialProvider
[2025-05-18 14:35:35Z INFO CredentialManager] Creating type OAuth
[2025-05-18 14:35:35Z INFO CredentialManager] Creating credential type: OAuth
[2025-05-18 14:35:35Z INFO RSAEncryptedFileKeyManager] Loading RSA key parameters from file D:\facultate\idp\IDP_PROJECT\actions-runner\.credentials_rsaparams
[2025-05-18 14:36:26Z INFO ConfigurationStore] HasCredentials()
[2025-05-18 14:36:26Z INFO ConfigurationStore] stored True
[2025-05-18 14:36:26Z INFO CredentialManager] GetCredentialProvider
[2025-05-18 14:36:26Z INFO CredentialManager] Creating type OAuth
[2025-05-18 14:36:26Z INFO CredentialManager] Creating credential type: OAuth
[2025-05-18 14:36:26Z INFO RSAEncryptedFileKeyManager] Loading RSA key parameters from file D:\facultate\idp\IDP_PROJECT\actions-runner\.credentials_rsaparams
[2025-05-18 14:37:16Z INFO ConfigurationStore] HasCredentials()
[2025-05-18 14:37:16Z INFO ConfigurationStore] stored True
[2025-05-18 14:37:16Z INFO CredentialManager] GetCredentialProvider
[2025-05-18 14:37:16Z INFO CredentialManager] Creating type OAuth
[2025-05-18 14:37:16Z INFO CredentialManager] Creating credential type: OAuth
[2025-05-18 14:37:16Z INFO RSAEncryptedFileKeyManager] Loading RSA key parameters from file D:\facultate\idp\IDP_PROJECT\actions-runner\.credentials_rsaparams
[2025-05-18 14:38:06Z INFO ConfigurationStore] HasCredentials()
[2025-05-18 14:38:06Z INFO ConfigurationStore] stored True
[2025-05-18 14:38:06Z INFO CredentialManager] GetCredentialProvider
[2025-05-18 14:38:06Z INFO CredentialManager] Creating type OAuth
[2025-05-18 14:38:06Z INFO CredentialManager] Creating credential type: OAuth
[2025-05-18 14:38:06Z INFO RSAEncryptedFileKeyManager] Loading RSA key parameters from file D:\facultate\idp\IDP_PROJECT\actions-runner\.credentials_rsaparams
[2025-05-18 14:38:57Z INFO ConfigurationStore] HasCredentials()
[2025-05-18 14:38:57Z INFO ConfigurationStore] stored True
[2025-05-18 14:38:57Z INFO CredentialManager] GetCredentialProvider
[2025-05-18 14:38:57Z INFO CredentialManager] Creating type OAuth
[2025-05-18 14:38:57Z INFO CredentialManager] Creating credential type: OAuth
[2025-05-18 14:38:57Z INFO RSAEncryptedFileKeyManager] Loading RSA key parameters from file D:\facultate\idp\IDP_PROJECT\actions-runner\.credentials_rsaparams
[2025-05-18 14:39:47Z INFO ConfigurationStore] HasCredentials()
[2025-05-18 14:39:47Z INFO ConfigurationStore] stored True
[2025-05-18 14:39:47Z INFO CredentialManager] GetCredentialProvider
[2025-05-18 14:39:47Z INFO CredentialManager] Creating type OAuth
[2025-05-18 14:39:47Z INFO CredentialManager] Creating credential type: OAuth
[2025-05-18 14:39:47Z INFO RSAEncryptedFileKeyManager] Loading RSA key parameters from file D:\facultate\idp\IDP_PROJECT\actions-runner\.credentials_rsaparams
[2025-05-18 14:40:37Z INFO ConfigurationStore] HasCredentials()
[2025-05-18 14:40:37Z INFO ConfigurationStore] stored True
[2025-05-18 14:40:37Z INFO CredentialManager] GetCredentialProvider
[2025-05-18 14:40:37Z INFO CredentialManager] Creating type OAuth
[2025-05-18 14:40:37Z INFO CredentialManager] Creating credential type: OAuth
[2025-05-18 14:40:37Z INFO RSAEncryptedFileKeyManager] Loading RSA key parameters from file D:\facultate\idp\IDP_PROJECT\actions-runner\.credentials_rsaparams
[2025-05-18 14:41:28Z INFO ConfigurationStore] HasCredentials()
[2025-05-18 14:41:28Z INFO ConfigurationStore] stored True
[2025-05-18 14:41:28Z INFO CredentialManager] GetCredentialProvider
[2025-05-18 14:41:28Z INFO CredentialManager] Creating type OAuth
[2025-05-18 14:41:28Z INFO CredentialManager] Creating credential type: OAuth
[2025-05-18 14:41:28Z INFO RSAEncryptedFileKeyManager] Loading RSA key parameters from file D:\facultate\idp\IDP_PROJECT\actions-runner\.credentials_rsaparams
[2025-05-18 14:42:18Z INFO ConfigurationStore] HasCredentials()
[2025-05-18 14:42:18Z INFO ConfigurationStore] stored True
[2025-05-18 14:42:18Z INFO CredentialManager] GetCredentialProvider
[2025-05-18 14:42:18Z INFO CredentialManager] Creating type OAuth
[2025-05-18 14:42:18Z INFO CredentialManager] Creating credential type: OAuth
[2025-05-18 14:42:18Z INFO RSAEncryptedFileKeyManager] Loading RSA key parameters from file D:\facultate\idp\IDP_PROJECT\actions-runner\.credentials_rsaparams
[2025-05-18 14:43:08Z INFO ConfigurationStore] HasCredentials()
[2025-05-18 14:43:08Z INFO ConfigurationStore] stored True
[2025-05-18 14:43:08Z INFO CredentialManager] GetCredentialProvider
[2025-05-18 14:43:08Z INFO CredentialManager] Creating type OAuth
[2025-05-18 14:43:08Z INFO CredentialManager] Creating credential type: OAuth
[2025-05-18 14:43:08Z INFO RSAEncryptedFileKeyManager] Loading RSA key parameters from file D:\facultate\idp\IDP_PROJECT\actions-runner\.credentials_rsaparams
[2025-05-18 14:43:59Z INFO ConfigurationStore] HasCredentials()
[2025-05-18 14:43:59Z INFO ConfigurationStore] stored True
[2025-05-18 14:43:59Z INFO CredentialManager] GetCredentialProvider
[2025-05-18 14:43:59Z INFO CredentialManager] Creating type OAuth
[2025-05-18 14:43:59Z INFO CredentialManager] Creating credential type: OAuth
[2025-05-18 14:43:59Z INFO RSAEncryptedFileKeyManager] Loading RSA key parameters from file D:\facultate\idp\IDP_PROJECT\actions-runner\.credentials_rsaparams
[2025-05-18 14:44:49Z INFO ConfigurationStore] HasCredentials()
[2025-05-18 14:44:49Z INFO ConfigurationStore] stored True
[2025-05-18 14:44:49Z INFO CredentialManager] GetCredentialProvider
[2025-05-18 14:44:49Z INFO CredentialManager] Creating type OAuth
[2025-05-18 14:44:49Z INFO CredentialManager] Creating credential type: OAuth
[2025-05-18 14:44:49Z INFO RSAEncryptedFileKeyManager] Loading RSA key parameters from file D:\facultate\idp\IDP_PROJECT\actions-runner\.credentials_rsaparams
[2025-05-18 14:45:39Z INFO ConfigurationStore] HasCredentials()
[2025-05-18 14:45:39Z INFO ConfigurationStore] stored True
[2025-05-18 14:45:39Z INFO CredentialManager] GetCredentialProvider
[2025-05-18 14:45:39Z INFO CredentialManager] Creating type OAuth
[2025-05-18 14:45:39Z INFO CredentialManager] Creating credential type: OAuth
[2025-05-18 14:45:39Z INFO RSAEncryptedFileKeyManager] Loading RSA key parameters from file D:\facultate\idp\IDP_PROJECT\actions-runner\.credentials_rsaparams
[2025-05-18 14:46:30Z INFO ConfigurationStore] HasCredentials()
[2025-05-18 14:46:30Z INFO ConfigurationStore] stored True
[2025-05-18 14:46:30Z INFO CredentialManager] GetCredentialProvider
[2025-05-18 14:46:30Z INFO CredentialManager] Creating type OAuth
[2025-05-18 14:46:30Z INFO CredentialManager] Creating credential type: OAuth
[2025-05-18 14:46:30Z INFO RSAEncryptedFileKeyManager] Loading RSA key parameters from file D:\facultate\idp\IDP_PROJECT\actions-runner\.credentials_rsaparams
[2025-05-18 14:47:20Z INFO ConfigurationStore] HasCredentials()
[2025-05-18 14:47:20Z INFO ConfigurationStore] stored True
[2025-05-18 14:47:20Z INFO CredentialManager] GetCredentialProvider
[2025-05-18 14:47:20Z INFO CredentialManager] Creating type OAuth
[2025-05-18 14:47:20Z INFO CredentialManager] Creating credential type: OAuth
[2025-05-18 14:47:20Z INFO RSAEncryptedFileKeyManager] Loading RSA key parameters from file D:\facultate\idp\IDP_PROJECT\actions-runner\.credentials_rsaparams
[2025-05-18 14:48:10Z INFO ConfigurationStore] HasCredentials()
[2025-05-18 14:48:10Z INFO ConfigurationStore] stored True
[2025-05-18 14:48:10Z INFO CredentialManager] GetCredentialProvider
[2025-05-18 14:48:10Z INFO CredentialManager] Creating type OAuth
[2025-05-18 14:48:10Z INFO CredentialManager] Creating credential type: OAuth
[2025-05-18 14:48:10Z INFO RSAEncryptedFileKeyManager] Loading RSA key parameters from file D:\facultate\idp\IDP_PROJECT\actions-runner\.credentials_rsaparams
[2025-05-18 14:49:01Z INFO ConfigurationStore] HasCredentials()
[2025-05-18 14:49:01Z INFO ConfigurationStore] stored True
[2025-05-18 14:49:01Z INFO CredentialManager] GetCredentialProvider
[2025-05-18 14:49:01Z INFO CredentialManager] Creating type OAuth
[2025-05-18 14:49:01Z INFO CredentialManager] Creating credential type: OAuth
[2025-05-18 14:49:01Z INFO RSAEncryptedFileKeyManager] Loading RSA key parameters from file D:\facultate\idp\IDP_PROJECT\actions-runner\.credentials_rsaparams
[2025-05-18 14:49:51Z INFO ConfigurationStore] HasCredentials()
[2025-05-18 14:49:51Z INFO ConfigurationStore] stored True
[2025-05-18 14:49:51Z INFO CredentialManager] GetCredentialProvider
[2025-05-18 14:49:51Z INFO CredentialManager] Creating type OAuth
[2025-05-18 14:49:51Z INFO CredentialManager] Creating credential type: OAuth
[2025-05-18 14:49:51Z INFO RSAEncryptedFileKeyManager] Loading RSA key parameters from file D:\facultate\idp\IDP_PROJECT\actions-runner\.credentials_rsaparams
[2025-05-18 14:50:41Z INFO ConfigurationStore] HasCredentials()
[2025-05-18 14:50:41Z INFO ConfigurationStore] stored True
[2025-05-18 14:50:41Z INFO CredentialManager] GetCredentialProvider
[2025-05-18 14:50:41Z INFO CredentialManager] Creating type OAuth
[2025-05-18 14:50:41Z INFO CredentialManager] Creating credential type: OAuth
[2025-05-18 14:50:41Z INFO RSAEncryptedFileKeyManager] Loading RSA key parameters from file D:\facultate\idp\IDP_PROJECT\actions-runner\.credentials_rsaparams
[2025-05-18 14:51:32Z INFO ConfigurationStore] HasCredentials()
[2025-05-18 14:51:32Z INFO ConfigurationStore] stored True
[2025-05-18 14:51:32Z INFO CredentialManager] GetCredentialProvider
[2025-05-18 14:51:32Z INFO CredentialManager] Creating type OAuth
[2025-05-18 14:51:32Z INFO CredentialManager] Creating credential type: OAuth
[2025-05-18 14:51:32Z INFO RSAEncryptedFileKeyManager] Loading RSA key parameters from file D:\facultate\idp\IDP_PROJECT\actions-runner\.credentials_rsaparams
[2025-05-18 14:51:32Z INFO RSAEncryptedFileKeyManager] Loading RSA key parameters from file D:\facultate\idp\IDP_PROJECT\actions-runner\.credentials_rsaparams
[2025-05-18 14:51:32Z INFO GitHubActionsService] AAD Correlation ID for this token request: Unknown
[2025-05-18 14:52:23Z INFO ConfigurationStore] HasCredentials()
[2025-05-18 14:52:23Z INFO ConfigurationStore] stored True
[2025-05-18 14:52:23Z INFO CredentialManager] GetCredentialProvider
[2025-05-18 14:52:23Z INFO CredentialManager] Creating type OAuth
[2025-05-18 14:52:23Z INFO CredentialManager] Creating credential type: OAuth
[2025-05-18 14:52:23Z INFO RSAEncryptedFileKeyManager] Loading RSA key parameters from file D:\facultate\idp\IDP_PROJECT\actions-runner\.credentials_rsaparams
[2025-05-18 14:53:13Z INFO ConfigurationStore] HasCredentials()
[2025-05-18 14:53:13Z INFO ConfigurationStore] stored True
[2025-05-18 14:53:13Z INFO CredentialManager] GetCredentialProvider
[2025-05-18 14:53:13Z INFO CredentialManager] Creating type OAuth
[2025-05-18 14:53:13Z INFO CredentialManager] Creating credential type: OAuth
[2025-05-18 14:53:13Z INFO RSAEncryptedFileKeyManager] Loading RSA key parameters from file D:\facultate\idp\IDP_PROJECT\actions-runner\.credentials_rsaparams
[2025-05-18 14:54:03Z INFO ConfigurationStore] HasCredentials()
[2025-05-18 14:54:03Z INFO ConfigurationStore] stored True
[2025-05-18 14:54:03Z INFO CredentialManager] GetCredentialProvider
[2025-05-18 14:54:03Z INFO CredentialManager] Creating type OAuth
[2025-05-18 14:54:03Z INFO CredentialManager] Creating credential type: OAuth
[2025-05-18 14:54:03Z INFO RSAEncryptedFileKeyManager] Loading RSA key parameters from file D:\facultate\idp\IDP_PROJECT\actions-runner\.credentials_rsaparams
[2025-05-18 14:54:54Z INFO ConfigurationStore] HasCredentials()
[2025-05-18 14:54:54Z INFO ConfigurationStore] stored True
[2025-05-18 14:54:54Z INFO CredentialManager] GetCredentialProvider
[2025-05-18 14:54:54Z INFO CredentialManager] Creating type OAuth
[2025-05-18 14:54:54Z INFO CredentialManager] Creating credential type: OAuth
[2025-05-18 14:54:54Z INFO RSAEncryptedFileKeyManager] Loading RSA key parameters from file D:\facultate\idp\IDP_PROJECT\actions-runner\.credentials_rsaparams
[2025-05-18 14:55:44Z INFO ConfigurationStore] HasCredentials()
[2025-05-18 14:55:44Z INFO ConfigurationStore] stored True
[2025-05-18 14:55:44Z INFO CredentialManager] GetCredentialProvider
[2025-05-18 14:55:44Z INFO CredentialManager] Creating type OAuth
[2025-05-18 14:55:44Z INFO CredentialManager] Creating credential type: OAuth
[2025-05-18 14:55:44Z INFO RSAEncryptedFileKeyManager] Loading RSA key parameters from file D:\facultate\idp\IDP_PROJECT\actions-runner\.credentials_rsaparams
[2025-05-18 14:56:34Z INFO ConfigurationStore] HasCredentials()
[2025-05-18 14:56:34Z INFO ConfigurationStore] stored True
[2025-05-18 14:56:34Z INFO CredentialManager] GetCredentialProvider
[2025-05-18 14:56:34Z INFO CredentialManager] Creating type OAuth
[2025-05-18 14:56:34Z INFO CredentialManager] Creating credential type: OAuth
[2025-05-18 14:56:34Z INFO RSAEncryptedFileKeyManager] Loading RSA key parameters from file D:\facultate\idp\IDP_PROJECT\actions-runner\.credentials_rsaparams
[2025-05-18 14:57:24Z INFO MessageListener] No message retrieved from session '75851330-ae09-45e1-ad58-f6406279320e' within last 30 minutes.
[2025-05-18 14:57:25Z INFO ConfigurationStore] HasCredentials()
[2025-05-18 14:57:25Z INFO ConfigurationStore] stored True
[2025-05-18 14:57:25Z INFO CredentialManager] GetCredentialProvider
[2025-05-18 14:57:25Z INFO CredentialManager] Creating type OAuth
[2025-05-18 14:57:25Z INFO CredentialManager] Creating credential type: OAuth
[2025-05-18 14:57:25Z INFO RSAEncryptedFileKeyManager] Loading RSA key parameters from file D:\facultate\idp\IDP_PROJECT\actions-runner\.credentials_rsaparams
[2025-05-18 14:58:15Z INFO ConfigurationStore] HasCredentials()
[2025-05-18 14:58:15Z INFO ConfigurationStore] stored True
[2025-05-18 14:58:15Z INFO CredentialManager] GetCredentialProvider
[2025-05-18 14:58:15Z INFO CredentialManager] Creating type OAuth
[2025-05-18 14:58:15Z INFO CredentialManager] Creating credential type: OAuth
[2025-05-18 14:58:15Z INFO RSAEncryptedFileKeyManager] Loading RSA key parameters from file D:\facultate\idp\IDP_PROJECT\actions-runner\.credentials_rsaparams
[2025-05-18 14:59:05Z INFO ConfigurationStore] HasCredentials()
[2025-05-18 14:59:05Z INFO ConfigurationStore] stored True
[2025-05-18 14:59:05Z INFO CredentialManager] GetCredentialProvider
[2025-05-18 14:59:05Z INFO CredentialManager] Creating type OAuth
[2025-05-18 14:59:05Z INFO CredentialManager] Creating credential type: OAuth
[2025-05-18 14:59:05Z INFO RSAEncryptedFileKeyManager] Loading RSA key parameters from file D:\facultate\idp\IDP_PROJECT\actions-runner\.credentials_rsaparams
[2025-05-18 14:59:56Z INFO ConfigurationStore] HasCredentials()
[2025-05-18 14:59:56Z INFO ConfigurationStore] stored True
[2025-05-18 14:59:56Z INFO CredentialManager] GetCredentialProvider
[2025-05-18 14:59:56Z INFO CredentialManager] Creating type OAuth
[2025-05-18 14:59:56Z INFO CredentialManager] Creating credential type: OAuth
[2025-05-18 14:59:56Z INFO RSAEncryptedFileKeyManager] Loading RSA key parameters from file D:\facultate\idp\IDP_PROJECT\actions-runner\.credentials_rsaparams
[2025-05-18 15:00:46Z INFO ConfigurationStore] HasCredentials()
[2025-05-18 15:00:46Z INFO ConfigurationStore] stored True
[2025-05-18 15:00:46Z INFO CredentialManager] GetCredentialProvider
[2025-05-18 15:00:46Z INFO CredentialManager] Creating type OAuth
[2025-05-18 15:00:46Z INFO CredentialManager] Creating credential type: OAuth
[2025-05-18 15:00:46Z INFO RSAEncryptedFileKeyManager] Loading RSA key parameters from file D:\facultate\idp\IDP_PROJECT\actions-runner\.credentials_rsaparams
[2025-05-18 15:01:36Z INFO ConfigurationStore] HasCredentials()
[2025-05-18 15:01:36Z INFO ConfigurationStore] stored True
[2025-05-18 15:01:36Z INFO CredentialManager] GetCredentialProvider
[2025-05-18 15:01:36Z INFO CredentialManager] Creating type OAuth
[2025-05-18 15:01:36Z INFO CredentialManager] Creating credential type: OAuth
[2025-05-18 15:01:36Z INFO RSAEncryptedFileKeyManager] Loading RSA key parameters from file D:\facultate\idp\IDP_PROJECT\actions-runner\.credentials_rsaparams
[2025-05-18 15:02:27Z INFO ConfigurationStore] HasCredentials()
[2025-05-18 15:02:27Z INFO ConfigurationStore] stored True
[2025-05-18 15:02:27Z INFO CredentialManager] GetCredentialProvider
[2025-05-18 15:02:27Z INFO CredentialManager] Creating type OAuth
[2025-05-18 15:02:27Z INFO CredentialManager] Creating credential type: OAuth
[2025-05-18 15:02:27Z INFO RSAEncryptedFileKeyManager] Loading RSA key parameters from file D:\facultate\idp\IDP_PROJECT\actions-runner\.credentials_rsaparams
[2025-05-18 15:03:17Z INFO ConfigurationStore] HasCredentials()
[2025-05-18 15:03:17Z INFO ConfigurationStore] stored True
[2025-05-18 15:03:17Z INFO CredentialManager] GetCredentialProvider
[2025-05-18 15:03:17Z INFO CredentialManager] Creating type OAuth
[2025-05-18 15:03:17Z INFO CredentialManager] Creating credential type: OAuth
[2025-05-18 15:03:17Z INFO RSAEncryptedFileKeyManager] Loading RSA key parameters from file D:\facultate\idp\IDP_PROJECT\actions-runner\.credentials_rsaparams
[2025-05-18 15:04:08Z INFO ConfigurationStore] HasCredentials()
[2025-05-18 15:04:08Z INFO ConfigurationStore] stored True
[2025-05-18 15:04:08Z INFO CredentialManager] GetCredentialProvider
[2025-05-18 15:04:08Z INFO CredentialManager] Creating type OAuth
[2025-05-18 15:04:08Z INFO CredentialManager] Creating credential type: OAuth
[2025-05-18 15:04:08Z INFO RSAEncryptedFileKeyManager] Loading RSA key parameters from file D:\facultate\idp\IDP_PROJECT\actions-runner\.credentials_rsaparams
[2025-05-18 15:04:58Z INFO ConfigurationStore] HasCredentials()
[2025-05-18 15:04:58Z INFO ConfigurationStore] stored True
[2025-05-18 15:04:58Z INFO CredentialManager] GetCredentialProvider
[2025-05-18 15:04:58Z INFO CredentialManager] Creating type OAuth
[2025-05-18 15:04:58Z INFO CredentialManager] Creating credential type: OAuth
[2025-05-18 15:04:58Z INFO RSAEncryptedFileKeyManager] Loading RSA key parameters from file D:\facultate\idp\IDP_PROJECT\actions-runner\.credentials_rsaparams
[2025-05-18 15:05:48Z INFO ConfigurationStore] HasCredentials()
[2025-05-18 15:05:48Z INFO ConfigurationStore] stored True
[2025-05-18 15:05:48Z INFO CredentialManager] GetCredentialProvider
[2025-05-18 15:05:48Z INFO CredentialManager] Creating type OAuth
[2025-05-18 15:05:48Z INFO CredentialManager] Creating credential type: OAuth
[2025-05-18 15:05:48Z INFO RSAEncryptedFileKeyManager] Loading RSA key parameters from file D:\facultate\idp\IDP_PROJECT\actions-runner\.credentials_rsaparams
[2025-05-18 15:06:39Z INFO RSAEncryptedFileKeyManager] Loading RSA key parameters from file D:\facultate\idp\IDP_PROJECT\actions-runner\.credentials_rsaparams
[2025-05-18 15:06:39Z INFO GitHubActionsService] AAD Correlation ID for this token request: Unknown
[2025-05-18 15:06:40Z INFO ConfigurationStore] HasCredentials()
[2025-05-18 15:06:40Z INFO ConfigurationStore] stored True
[2025-05-18 15:06:40Z INFO CredentialManager] GetCredentialProvider
[2025-05-18 15:06:40Z INFO CredentialManager] Creating type OAuth
[2025-05-18 15:06:40Z INFO CredentialManager] Creating credential type: OAuth
[2025-05-18 15:06:40Z INFO RSAEncryptedFileKeyManager] Loading RSA key parameters from file D:\facultate\idp\IDP_PROJECT\actions-runner\.credentials_rsaparams
[2025-05-18 15:07:30Z INFO ConfigurationStore] HasCredentials()
[2025-05-18 15:07:30Z INFO ConfigurationStore] stored True
[2025-05-18 15:07:30Z INFO CredentialManager] GetCredentialProvider
[2025-05-18 15:07:30Z INFO CredentialManager] Creating type OAuth
[2025-05-18 15:07:30Z INFO CredentialManager] Creating credential type: OAuth
[2025-05-18 15:07:30Z INFO RSAEncryptedFileKeyManager] Loading RSA key parameters from file D:\facultate\idp\IDP_PROJECT\actions-runner\.credentials_rsaparams
[2025-05-18 15:08:20Z INFO ConfigurationStore] HasCredentials()
[2025-05-18 15:08:20Z INFO ConfigurationStore] stored True
[2025-05-18 15:08:20Z INFO CredentialManager] GetCredentialProvider
[2025-05-18 15:08:20Z INFO CredentialManager] Creating type OAuth
[2025-05-18 15:08:20Z INFO CredentialManager] Creating credential type: OAuth
[2025-05-18 15:08:20Z INFO RSAEncryptedFileKeyManager] Loading RSA key parameters from file D:\facultate\idp\IDP_PROJECT\actions-runner\.credentials_rsaparams
[2025-05-18 15:09:10Z INFO ConfigurationStore] HasCredentials()
[2025-05-18 15:09:10Z INFO ConfigurationStore] stored True
[2025-05-18 15:09:10Z INFO CredentialManager] GetCredentialProvider
[2025-05-18 15:09:10Z INFO CredentialManager] Creating type OAuth
[2025-05-18 15:09:10Z INFO CredentialManager] Creating credential type: OAuth
[2025-05-18 15:09:10Z INFO RSAEncryptedFileKeyManager] Loading RSA key parameters from file D:\facultate\idp\IDP_PROJECT\actions-runner\.credentials_rsaparams
[2025-05-18 15:10:01Z INFO ConfigurationStore] HasCredentials()
[2025-05-18 15:10:01Z INFO ConfigurationStore] stored True
[2025-05-18 15:10:01Z INFO CredentialManager] GetCredentialProvider
[2025-05-18 15:10:01Z INFO CredentialManager] Creating type OAuth
[2025-05-18 15:10:01Z INFO CredentialManager] Creating credential type: OAuth
[2025-05-18 15:10:01Z INFO RSAEncryptedFileKeyManager] Loading RSA key parameters from file D:\facultate\idp\IDP_PROJECT\actions-runner\.credentials_rsaparams
[2025-05-18 15:10:51Z INFO ConfigurationStore] HasCredentials()
[2025-05-18 15:10:51Z INFO ConfigurationStore] stored True
[2025-05-18 15:10:51Z INFO CredentialManager] GetCredentialProvider
[2025-05-18 15:10:51Z INFO CredentialManager] Creating type OAuth
[2025-05-18 15:10:51Z INFO CredentialManager] Creating credential type: OAuth
[2025-05-18 15:10:51Z INFO RSAEncryptedFileKeyManager] Loading RSA key parameters from file D:\facultate\idp\IDP_PROJECT\actions-runner\.credentials_rsaparams
[2025-05-18 15:11:42Z INFO ConfigurationStore] HasCredentials()
[2025-05-18 15:11:42Z INFO ConfigurationStore] stored True
[2025-05-18 15:11:42Z INFO CredentialManager] GetCredentialProvider
[2025-05-18 15:11:42Z INFO CredentialManager] Creating type OAuth
[2025-05-18 15:11:42Z INFO CredentialManager] Creating credential type: OAuth
[2025-05-18 15:11:42Z INFO RSAEncryptedFileKeyManager] Loading RSA key parameters from file D:\facultate\idp\IDP_PROJECT\actions-runner\.credentials_rsaparams
[2025-05-18 15:12:32Z INFO ConfigurationStore] HasCredentials()
[2025-05-18 15:12:32Z INFO ConfigurationStore] stored True
[2025-05-18 15:12:32Z INFO CredentialManager] GetCredentialProvider
[2025-05-18 15:12:32Z INFO CredentialManager] Creating type OAuth
[2025-05-18 15:12:32Z INFO CredentialManager] Creating credential type: OAuth
[2025-05-18 15:12:32Z INFO RSAEncryptedFileKeyManager] Loading RSA key parameters from file D:\facultate\idp\IDP_PROJECT\actions-runner\.credentials_rsaparams
[2025-05-18 15:13:23Z INFO ConfigurationStore] HasCredentials()
[2025-05-18 15:13:23Z INFO ConfigurationStore] stored True
[2025-05-18 15:13:23Z INFO CredentialManager] GetCredentialProvider
[2025-05-18 15:13:23Z INFO CredentialManager] Creating type OAuth
[2025-05-18 15:13:23Z INFO CredentialManager] Creating credential type: OAuth
[2025-05-18 15:13:23Z INFO RSAEncryptedFileKeyManager] Loading RSA key parameters from file D:\facultate\idp\IDP_PROJECT\actions-runner\.credentials_rsaparams
[2025-05-18 15:14:13Z INFO ConfigurationStore] HasCredentials()
[2025-05-18 15:14:13Z INFO ConfigurationStore] stored True
[2025-05-18 15:14:13Z INFO CredentialManager] GetCredentialProvider
[2025-05-18 15:14:13Z INFO CredentialManager] Creating type OAuth
[2025-05-18 15:14:13Z INFO CredentialManager] Creating credential type: OAuth
[2025-05-18 15:14:13Z INFO RSAEncryptedFileKeyManager] Loading RSA key parameters from file D:\facultate\idp\IDP_PROJECT\actions-runner\.credentials_rsaparams
[2025-05-18 15:15:03Z INFO ConfigurationStore] HasCredentials()
[2025-05-18 15:15:03Z INFO ConfigurationStore] stored True
[2025-05-18 15:15:03Z INFO CredentialManager] GetCredentialProvider
[2025-05-18 15:15:03Z INFO CredentialManager] Creating type OAuth
[2025-05-18 15:15:03Z INFO CredentialManager] Creating credential type: OAuth
[2025-05-18 15:15:03Z INFO RSAEncryptedFileKeyManager] Loading RSA key parameters from file D:\facultate\idp\IDP_PROJECT\actions-runner\.credentials_rsaparams
[2025-05-18 15:15:53Z INFO ConfigurationStore] HasCredentials()
[2025-05-18 15:15:53Z INFO ConfigurationStore] stored True
[2025-05-18 15:15:53Z INFO CredentialManager] GetCredentialProvider
[2025-05-18 15:15:53Z INFO CredentialManager] Creating type OAuth
[2025-05-18 15:15:53Z INFO CredentialManager] Creating credential type: OAuth
[2025-05-18 15:15:53Z INFO RSAEncryptedFileKeyManager] Loading RSA key parameters from file D:\facultate\idp\IDP_PROJECT\actions-runner\.credentials_rsaparams
[2025-05-18 15:16:44Z INFO ConfigurationStore] HasCredentials()
[2025-05-18 15:16:44Z INFO ConfigurationStore] stored True
[2025-05-18 15:16:44Z INFO CredentialManager] GetCredentialProvider
[2025-05-18 15:16:44Z INFO CredentialManager] Creating type OAuth
[2025-05-18 15:16:44Z INFO CredentialManager] Creating credential type: OAuth
[2025-05-18 15:16:44Z INFO RSAEncryptedFileKeyManager] Loading RSA key parameters from file D:\facultate\idp\IDP_PROJECT\actions-runner\.credentials_rsaparams
[2025-05-18 15:17:34Z INFO ConfigurationStore] HasCredentials()
[2025-05-18 15:17:34Z INFO ConfigurationStore] stored True
[2025-05-18 15:17:34Z INFO CredentialManager] GetCredentialProvider
[2025-05-18 15:17:34Z INFO CredentialManager] Creating type OAuth
[2025-05-18 15:17:34Z INFO CredentialManager] Creating credential type: OAuth
[2025-05-18 15:17:34Z INFO RSAEncryptedFileKeyManager] Loading RSA key parameters from file D:\facultate\idp\IDP_PROJECT\actions-runner\.credentials_rsaparams
[2025-05-18 15:18:25Z INFO ConfigurationStore] HasCredentials()
[2025-05-18 15:18:25Z INFO ConfigurationStore] stored True
[2025-05-18 15:18:25Z INFO CredentialManager] GetCredentialProvider
[2025-05-18 15:18:25Z INFO CredentialManager] Creating type OAuth
[2025-05-18 15:18:25Z INFO CredentialManager] Creating credential type: OAuth
[2025-05-18 15:18:25Z INFO RSAEncryptedFileKeyManager] Loading RSA key parameters from file D:\facultate\idp\IDP_PROJECT\actions-runner\.credentials_rsaparams
[2025-05-18 15:19:15Z INFO ConfigurationStore] HasCredentials()
[2025-05-18 15:19:15Z INFO ConfigurationStore] stored True
[2025-05-18 15:19:15Z INFO CredentialManager] GetCredentialProvider
[2025-05-18 15:19:15Z INFO CredentialManager] Creating type OAuth
[2025-05-18 15:19:15Z INFO CredentialManager] Creating credential type: OAuth
[2025-05-18 15:19:15Z INFO RSAEncryptedFileKeyManager] Loading RSA key parameters from file D:\facultate\idp\IDP_PROJECT\actions-runner\.credentials_rsaparams
[2025-05-18 15:20:05Z INFO ConfigurationStore] HasCredentials()
[2025-05-18 15:20:05Z INFO ConfigurationStore] stored True
[2025-05-18 15:20:05Z INFO CredentialManager] GetCredentialProvider
[2025-05-18 15:20:05Z INFO CredentialManager] Creating type OAuth
[2025-05-18 15:20:05Z INFO CredentialManager] Creating credential type: OAuth
[2025-05-18 15:20:05Z INFO RSAEncryptedFileKeyManager] Loading RSA key parameters from file D:\facultate\idp\IDP_PROJECT\actions-runner\.credentials_rsaparams
[2025-05-18 15:20:56Z INFO ConfigurationStore] HasCredentials()
[2025-05-18 15:20:56Z INFO ConfigurationStore] stored True
[2025-05-18 15:20:56Z INFO CredentialManager] GetCredentialProvider
[2025-05-18 15:20:56Z INFO CredentialManager] Creating type OAuth
[2025-05-18 15:20:56Z INFO CredentialManager] Creating credential type: OAuth
[2025-05-18 15:20:56Z INFO RSAEncryptedFileKeyManager] Loading RSA key parameters from file D:\facultate\idp\IDP_PROJECT\actions-runner\.credentials_rsaparams
[2025-05-18 15:21:46Z INFO ConfigurationStore] HasCredentials()
[2025-05-18 15:21:46Z INFO ConfigurationStore] stored True
[2025-05-18 15:21:46Z INFO CredentialManager] GetCredentialProvider
[2025-05-18 15:21:46Z INFO CredentialManager] Creating type OAuth
[2025-05-18 15:21:46Z INFO CredentialManager] Creating credential type: OAuth
[2025-05-18 15:21:46Z INFO RSAEncryptedFileKeyManager] Loading RSA key parameters from file D:\facultate\idp\IDP_PROJECT\actions-runner\.credentials_rsaparams
[2025-05-18 15:22:36Z INFO ConfigurationStore] HasCredentials()
[2025-05-18 15:22:36Z INFO ConfigurationStore] stored True
[2025-05-18 15:22:36Z INFO CredentialManager] GetCredentialProvider
[2025-05-18 15:22:36Z INFO CredentialManager] Creating type OAuth
[2025-05-18 15:22:36Z INFO CredentialManager] Creating credential type: OAuth
[2025-05-18 15:22:36Z INFO RSAEncryptedFileKeyManager] Loading RSA key parameters from file D:\facultate\idp\IDP_PROJECT\actions-runner\.credentials_rsaparams
[2025-05-18 15:23:27Z INFO ConfigurationStore] HasCredentials()
[2025-05-18 15:23:27Z INFO ConfigurationStore] stored True
[2025-05-18 15:23:27Z INFO CredentialManager] GetCredentialProvider
[2025-05-18 15:23:27Z INFO CredentialManager] Creating type OAuth
[2025-05-18 15:23:27Z INFO CredentialManager] Creating credential type: OAuth
[2025-05-18 15:23:27Z INFO RSAEncryptedFileKeyManager] Loading RSA key parameters from file D:\facultate\idp\IDP_PROJECT\actions-runner\.credentials_rsaparams
[2025-05-18 15:24:17Z INFO ConfigurationStore] HasCredentials()
[2025-05-18 15:24:17Z INFO ConfigurationStore] stored True
[2025-05-18 15:24:17Z INFO CredentialManager] GetCredentialProvider
[2025-05-18 15:24:17Z INFO CredentialManager] Creating type OAuth
[2025-05-18 15:24:17Z INFO CredentialManager] Creating credential type: OAuth
[2025-05-18 15:24:17Z INFO RSAEncryptedFileKeyManager] Loading RSA key parameters from file D:\facultate\idp\IDP_PROJECT\actions-runner\.credentials_rsaparams
[2025-05-18 15:25:08Z INFO ConfigurationStore] HasCredentials()
[2025-05-18 15:25:08Z INFO ConfigurationStore] stored True
[2025-05-18 15:25:08Z INFO CredentialManager] GetCredentialProvider
[2025-05-18 15:25:08Z INFO CredentialManager] Creating type OAuth
[2025-05-18 15:25:08Z INFO CredentialManager] Creating credential type: OAuth
[2025-05-18 15:25:08Z INFO RSAEncryptedFileKeyManager] Loading RSA key parameters from file D:\facultate\idp\IDP_PROJECT\actions-runner\.credentials_rsaparams
[2025-05-18 15:25:58Z INFO ConfigurationStore] HasCredentials()
[2025-05-18 15:25:58Z INFO ConfigurationStore] stored True
[2025-05-18 15:25:58Z INFO CredentialManager] GetCredentialProvider
[2025-05-18 15:25:58Z INFO CredentialManager] Creating type OAuth
[2025-05-18 15:25:58Z INFO CredentialManager] Creating credential type: OAuth
[2025-05-18 15:25:58Z INFO RSAEncryptedFileKeyManager] Loading RSA key parameters from file D:\facultate\idp\IDP_PROJECT\actions-runner\.credentials_rsaparams
[2025-05-18 15:26:48Z INFO ConfigurationStore] HasCredentials()
[2025-05-18 15:26:48Z INFO ConfigurationStore] stored True
[2025-05-18 15:26:48Z INFO CredentialManager] GetCredentialProvider
[2025-05-18 15:26:48Z INFO CredentialManager] Creating type OAuth
[2025-05-18 15:26:48Z INFO CredentialManager] Creating credential type: OAuth
[2025-05-18 15:26:48Z INFO RSAEncryptedFileKeyManager] Loading RSA key parameters from file D:\facultate\idp\IDP_PROJECT\actions-runner\.credentials_rsaparams
[2025-05-18 15:27:38Z INFO MessageListener] No message retrieved from session '75851330-ae09-45e1-ad58-f6406279320e' within last 30 minutes.
[2025-05-18 15:27:39Z INFO ConfigurationStore] HasCredentials()
[2025-05-18 15:27:39Z INFO ConfigurationStore] stored True
[2025-05-18 15:27:39Z INFO CredentialManager] GetCredentialProvider
[2025-05-18 15:27:39Z INFO CredentialManager] Creating type OAuth
[2025-05-18 15:27:39Z INFO CredentialManager] Creating credential type: OAuth
[2025-05-18 15:27:39Z INFO RSAEncryptedFileKeyManager] Loading RSA key parameters from file D:\facultate\idp\IDP_PROJECT\actions-runner\.credentials_rsaparams
[2025-05-18 15:28:29Z INFO ConfigurationStore] HasCredentials()
[2025-05-18 15:28:29Z INFO ConfigurationStore] stored True
[2025-05-18 15:28:29Z INFO CredentialManager] GetCredentialProvider
[2025-05-18 15:28:29Z INFO CredentialManager] Creating type OAuth
[2025-05-18 15:28:29Z INFO CredentialManager] Creating credential type: OAuth
[2025-05-18 15:28:29Z INFO RSAEncryptedFileKeyManager] Loading RSA key parameters from file D:\facultate\idp\IDP_PROJECT\actions-runner\.credentials_rsaparams
[2025-05-18 15:29:19Z INFO ConfigurationStore] HasCredentials()
[2025-05-18 15:29:19Z INFO ConfigurationStore] stored True
[2025-05-18 15:29:19Z INFO CredentialManager] GetCredentialProvider
[2025-05-18 15:29:19Z INFO CredentialManager] Creating type OAuth
[2025-05-18 15:29:19Z INFO CredentialManager] Creating credential type: OAuth
[2025-05-18 15:29:19Z INFO RSAEncryptedFileKeyManager] Loading RSA key parameters from file D:\facultate\idp\IDP_PROJECT\actions-runner\.credentials_rsaparams
[2025-05-18 15:30:09Z INFO ConfigurationStore] HasCredentials()
[2025-05-18 15:30:09Z INFO ConfigurationStore] stored True
[2025-05-18 15:30:09Z INFO CredentialManager] GetCredentialProvider
[2025-05-18 15:30:09Z INFO CredentialManager] Creating type OAuth
[2025-05-18 15:30:09Z INFO CredentialManager] Creating credential type: OAuth
[2025-05-18 15:30:09Z INFO RSAEncryptedFileKeyManager] Loading RSA key parameters from file D:\facultate\idp\IDP_PROJECT\actions-runner\.credentials_rsaparams
[2025-05-18 15:31:00Z INFO ConfigurationStore] HasCredentials()
[2025-05-18 15:31:00Z INFO ConfigurationStore] stored True
[2025-05-18 15:31:00Z INFO CredentialManager] GetCredentialProvider
[2025-05-18 15:31:00Z INFO CredentialManager] Creating type OAuth
[2025-05-18 15:31:00Z INFO CredentialManager] Creating credential type: OAuth
[2025-05-18 15:31:00Z INFO RSAEncryptedFileKeyManager] Loading RSA key parameters from file D:\facultate\idp\IDP_PROJECT\actions-runner\.credentials_rsaparams
[2025-05-18 15:31:50Z INFO ConfigurationStore] HasCredentials()
[2025-05-18 15:31:50Z INFO ConfigurationStore] stored True
[2025-05-18 15:31:50Z INFO CredentialManager] GetCredentialProvider
[2025-05-18 15:31:50Z INFO CredentialManager] Creating type OAuth
[2025-05-18 15:31:50Z INFO CredentialManager] Creating credential type: OAuth
[2025-05-18 15:31:50Z INFO RSAEncryptedFileKeyManager] Loading RSA key parameters from file D:\facultate\idp\IDP_PROJECT\actions-runner\.credentials_rsaparams
[2025-05-18 15:32:40Z INFO ConfigurationStore] HasCredentials()
[2025-05-18 15:32:40Z INFO ConfigurationStore] stored True
[2025-05-18 15:32:40Z INFO CredentialManager] GetCredentialProvider
[2025-05-18 15:32:40Z INFO CredentialManager] Creating type OAuth
[2025-05-18 15:32:40Z INFO CredentialManager] Creating credential type: OAuth
[2025-05-18 15:32:40Z INFO RSAEncryptedFileKeyManager] Loading RSA key parameters from file D:\facultate\idp\IDP_PROJECT\actions-runner\.credentials_rsaparams
[2025-05-18 15:33:31Z INFO ConfigurationStore] HasCredentials()
[2025-05-18 15:33:31Z INFO ConfigurationStore] stored True
[2025-05-18 15:33:31Z INFO CredentialManager] GetCredentialProvider
[2025-05-18 15:33:31Z INFO CredentialManager] Creating type OAuth
[2025-05-18 15:33:31Z INFO CredentialManager] Creating credential type: OAuth
[2025-05-18 15:33:31Z INFO RSAEncryptedFileKeyManager] Loading RSA key parameters from file D:\facultate\idp\IDP_PROJECT\actions-runner\.credentials_rsaparams
[2025-05-18 15:34:21Z INFO ConfigurationStore] HasCredentials()
[2025-05-18 15:34:21Z INFO ConfigurationStore] stored True
[2025-05-18 15:34:21Z INFO CredentialManager] GetCredentialProvider
[2025-05-18 15:34:21Z INFO CredentialManager] Creating type OAuth
[2025-05-18 15:34:21Z INFO CredentialManager] Creating credential type: OAuth
[2025-05-18 15:34:21Z INFO RSAEncryptedFileKeyManager] Loading RSA key parameters from file D:\facultate\idp\IDP_PROJECT\actions-runner\.credentials_rsaparams
[2025-05-18 15:35:11Z INFO ConfigurationStore] HasCredentials()
[2025-05-18 15:35:11Z INFO ConfigurationStore] stored True
[2025-05-18 15:35:11Z INFO CredentialManager] GetCredentialProvider
[2025-05-18 15:35:11Z INFO CredentialManager] Creating type OAuth
[2025-05-18 15:35:11Z INFO CredentialManager] Creating credential type: OAuth
[2025-05-18 15:35:11Z INFO RSAEncryptedFileKeyManager] Loading RSA key parameters from file D:\facultate\idp\IDP_PROJECT\actions-runner\.credentials_rsaparams
[2025-05-18 15:36:02Z INFO ConfigurationStore] HasCredentials()
[2025-05-18 15:36:02Z INFO ConfigurationStore] stored True
[2025-05-18 15:36:02Z INFO CredentialManager] GetCredentialProvider
[2025-05-18 15:36:02Z INFO CredentialManager] Creating type OAuth
[2025-05-18 15:36:02Z INFO CredentialManager] Creating credential type: OAuth
[2025-05-18 15:36:02Z INFO RSAEncryptedFileKeyManager] Loading RSA key parameters from file D:\facultate\idp\IDP_PROJECT\actions-runner\.credentials_rsaparams
[2025-05-18 15:36:52Z INFO ConfigurationStore] HasCredentials()
[2025-05-18 15:36:52Z INFO ConfigurationStore] stored True
[2025-05-18 15:36:52Z INFO CredentialManager] GetCredentialProvider
[2025-05-18 15:36:52Z INFO CredentialManager] Creating type OAuth
[2025-05-18 15:36:52Z INFO CredentialManager] Creating credential type: OAuth
[2025-05-18 15:36:52Z INFO RSAEncryptedFileKeyManager] Loading RSA key parameters from file D:\facultate\idp\IDP_PROJECT\actions-runner\.credentials_rsaparams
[2025-05-18 15:37:42Z INFO ConfigurationStore] HasCredentials()
[2025-05-18 15:37:42Z INFO ConfigurationStore] stored True
[2025-05-18 15:37:42Z INFO CredentialManager] GetCredentialProvider
[2025-05-18 15:37:42Z INFO CredentialManager] Creating type OAuth
[2025-05-18 15:37:42Z INFO CredentialManager] Creating credential type: OAuth
[2025-05-18 15:37:42Z INFO RSAEncryptedFileKeyManager] Loading RSA key parameters from file D:\facultate\idp\IDP_PROJECT\actions-runner\.credentials_rsaparams
[2025-05-18 15:38:33Z INFO ConfigurationStore] HasCredentials()
[2025-05-18 15:38:33Z INFO ConfigurationStore] stored True
[2025-05-18 15:38:33Z INFO CredentialManager] GetCredentialProvider
[2025-05-18 15:38:33Z INFO CredentialManager] Creating type OAuth
[2025-05-18 15:38:33Z INFO CredentialManager] Creating credential type: OAuth
[2025-05-18 15:38:33Z INFO RSAEncryptedFileKeyManager] Loading RSA key parameters from file D:\facultate\idp\IDP_PROJECT\actions-runner\.credentials_rsaparams
[2025-05-18 15:39:23Z INFO ConfigurationStore] HasCredentials()
[2025-05-18 15:39:23Z INFO ConfigurationStore] stored True
[2025-05-18 15:39:23Z INFO CredentialManager] GetCredentialProvider
[2025-05-18 15:39:23Z INFO CredentialManager] Creating type OAuth
[2025-05-18 15:39:23Z INFO CredentialManager] Creating credential type: OAuth
[2025-05-18 15:39:23Z INFO RSAEncryptedFileKeyManager] Loading RSA key parameters from file D:\facultate\idp\IDP_PROJECT\actions-runner\.credentials_rsaparams
[2025-05-18 15:40:13Z INFO ConfigurationStore] HasCredentials()
[2025-05-18 15:40:13Z INFO ConfigurationStore] stored True
[2025-05-18 15:40:13Z INFO CredentialManager] GetCredentialProvider
[2025-05-18 15:40:13Z INFO CredentialManager] Creating type OAuth
[2025-05-18 15:40:13Z INFO CredentialManager] Creating credential type: OAuth
[2025-05-18 15:40:13Z INFO RSAEncryptedFileKeyManager] Loading RSA key parameters from file D:\facultate\idp\IDP_PROJECT\actions-runner\.credentials_rsaparams
[2025-05-18 15:41:03Z INFO ConfigurationStore] HasCredentials()
[2025-05-18 15:41:03Z INFO ConfigurationStore] stored True
[2025-05-18 15:41:03Z INFO CredentialManager] GetCredentialProvider
[2025-05-18 15:41:03Z INFO CredentialManager] Creating type OAuth
[2025-05-18 15:41:03Z INFO CredentialManager] Creating credential type: OAuth
[2025-05-18 15:41:03Z INFO RSAEncryptedFileKeyManager] Loading RSA key parameters from file D:\facultate\idp\IDP_PROJECT\actions-runner\.credentials_rsaparams
[2025-05-18 15:41:54Z INFO ConfigurationStore] HasCredentials()
[2025-05-18 15:41:54Z INFO ConfigurationStore] stored True
[2025-05-18 15:41:54Z INFO CredentialManager] GetCredentialProvider
[2025-05-18 15:41:54Z INFO CredentialManager] Creating type OAuth
[2025-05-18 15:41:54Z INFO CredentialManager] Creating credential type: OAuth
[2025-05-18 15:41:54Z INFO RSAEncryptedFileKeyManager] Loading RSA key parameters from file D:\facultate\idp\IDP_PROJECT\actions-runner\.credentials_rsaparams
[2025-05-18 15:41:54Z INFO RSAEncryptedFileKeyManager] Loading RSA key parameters from file D:\facultate\idp\IDP_PROJECT\actions-runner\.credentials_rsaparams
[2025-05-18 15:41:54Z INFO GitHubActionsService] AAD Correlation ID for this token request: Unknown
[2025-05-18 15:42:45Z INFO ConfigurationStore] HasCredentials()
[2025-05-18 15:42:45Z INFO ConfigurationStore] stored True
[2025-05-18 15:42:45Z INFO CredentialManager] GetCredentialProvider
[2025-05-18 15:42:45Z INFO CredentialManager] Creating type OAuth
[2025-05-18 15:42:45Z INFO CredentialManager] Creating credential type: OAuth
[2025-05-18 15:42:45Z INFO RSAEncryptedFileKeyManager] Loading RSA key parameters from file D:\facultate\idp\IDP_PROJECT\actions-runner\.credentials_rsaparams
[2025-05-18 15:43:35Z INFO ConfigurationStore] HasCredentials()
[2025-05-18 15:43:35Z INFO ConfigurationStore] stored True
[2025-05-18 15:43:35Z INFO CredentialManager] GetCredentialProvider
[2025-05-18 15:43:35Z INFO CredentialManager] Creating type OAuth
[2025-05-18 15:43:35Z INFO CredentialManager] Creating credential type: OAuth
[2025-05-18 15:43:35Z INFO RSAEncryptedFileKeyManager] Loading RSA key parameters from file D:\facultate\idp\IDP_PROJECT\actions-runner\.credentials_rsaparams
[2025-05-18 15:44:25Z INFO ConfigurationStore] HasCredentials()
[2025-05-18 15:44:25Z INFO ConfigurationStore] stored True
[2025-05-18 15:44:25Z INFO CredentialManager] GetCredentialProvider
[2025-05-18 15:44:25Z INFO CredentialManager] Creating type OAuth
[2025-05-18 15:44:25Z INFO CredentialManager] Creating credential type: OAuth
[2025-05-18 15:44:25Z INFO RSAEncryptedFileKeyManager] Loading RSA key parameters from file D:\facultate\idp\IDP_PROJECT\actions-runner\.credentials_rsaparams
[2025-05-18 15:45:16Z INFO ConfigurationStore] HasCredentials()
[2025-05-18 15:45:16Z INFO ConfigurationStore] stored True
[2025-05-18 15:45:16Z INFO CredentialManager] GetCredentialProvider
[2025-05-18 15:45:16Z INFO CredentialManager] Creating type OAuth
[2025-05-18 15:45:16Z INFO CredentialManager] Creating credential type: OAuth
[2025-05-18 15:45:16Z INFO RSAEncryptedFileKeyManager] Loading RSA key parameters from file D:\facultate\idp\IDP_PROJECT\actions-runner\.credentials_rsaparams
[2025-05-18 15:46:06Z INFO ConfigurationStore] HasCredentials()
[2025-05-18 15:46:06Z INFO ConfigurationStore] stored True
[2025-05-18 15:46:06Z INFO CredentialManager] GetCredentialProvider
[2025-05-18 15:46:06Z INFO CredentialManager] Creating type OAuth
[2025-05-18 15:46:06Z INFO CredentialManager] Creating credential type: OAuth
[2025-05-18 15:46:06Z INFO RSAEncryptedFileKeyManager] Loading RSA key parameters from file D:\facultate\idp\IDP_PROJECT\actions-runner\.credentials_rsaparams
[2025-05-18 15:46:57Z INFO ConfigurationStore] HasCredentials()
[2025-05-18 15:46:57Z INFO ConfigurationStore] stored True
[2025-05-18 15:46:57Z INFO CredentialManager] GetCredentialProvider
[2025-05-18 15:46:57Z INFO CredentialManager] Creating type OAuth
[2025-05-18 15:46:57Z INFO CredentialManager] Creating credential type: OAuth
[2025-05-18 15:46:57Z INFO RSAEncryptedFileKeyManager] Loading RSA key parameters from file D:\facultate\idp\IDP_PROJECT\actions-runner\.credentials_rsaparams
[2025-05-18 15:47:47Z INFO ConfigurationStore] HasCredentials()
[2025-05-18 15:47:47Z INFO ConfigurationStore] stored True
[2025-05-18 15:47:47Z INFO CredentialManager] GetCredentialProvider
[2025-05-18 15:47:47Z INFO CredentialManager] Creating type OAuth
[2025-05-18 15:47:47Z INFO CredentialManager] Creating credential type: OAuth
[2025-05-18 15:47:47Z INFO RSAEncryptedFileKeyManager] Loading RSA key parameters from file D:\facultate\idp\IDP_PROJECT\actions-runner\.credentials_rsaparams
[2025-05-18 15:48:37Z INFO ConfigurationStore] HasCredentials()
[2025-05-18 15:48:37Z INFO ConfigurationStore] stored True
[2025-05-18 15:48:37Z INFO CredentialManager] GetCredentialProvider
[2025-05-18 15:48:37Z INFO CredentialManager] Creating type OAuth
[2025-05-18 15:48:37Z INFO CredentialManager] Creating credential type: OAuth
[2025-05-18 15:48:37Z INFO RSAEncryptedFileKeyManager] Loading RSA key parameters from file D:\facultate\idp\IDP_PROJECT\actions-runner\.credentials_rsaparams
[2025-05-18 15:49:28Z INFO ConfigurationStore] HasCredentials()
[2025-05-18 15:49:28Z INFO ConfigurationStore] stored True
[2025-05-18 15:49:28Z INFO CredentialManager] GetCredentialProvider
[2025-05-18 15:49:28Z INFO CredentialManager] Creating type OAuth
[2025-05-18 15:49:28Z INFO CredentialManager] Creating credential type: OAuth
[2025-05-18 15:49:28Z INFO RSAEncryptedFileKeyManager] Loading RSA key parameters from file D:\facultate\idp\IDP_PROJECT\actions-runner\.credentials_rsaparams
[2025-05-18 15:50:18Z INFO ConfigurationStore] HasCredentials()
[2025-05-18 15:50:18Z INFO ConfigurationStore] stored True
[2025-05-18 15:50:18Z INFO CredentialManager] GetCredentialProvider
[2025-05-18 15:50:18Z INFO CredentialManager] Creating type OAuth
[2025-05-18 15:50:18Z INFO CredentialManager] Creating credential type: OAuth
[2025-05-18 15:50:18Z INFO RSAEncryptedFileKeyManager] Loading RSA key parameters from file D:\facultate\idp\IDP_PROJECT\actions-runner\.credentials_rsaparams
[2025-05-18 15:51:08Z INFO ConfigurationStore] HasCredentials()
[2025-05-18 15:51:08Z INFO ConfigurationStore] stored True
[2025-05-18 15:51:08Z INFO CredentialManager] GetCredentialProvider
[2025-05-18 15:51:08Z INFO CredentialManager] Creating type OAuth
[2025-05-18 15:51:08Z INFO CredentialManager] Creating credential type: OAuth
[2025-05-18 15:51:08Z INFO RSAEncryptedFileKeyManager] Loading RSA key parameters from file D:\facultate\idp\IDP_PROJECT\actions-runner\.credentials_rsaparams
[2025-05-18 15:51:58Z INFO ConfigurationStore] HasCredentials()
[2025-05-18 15:51:58Z INFO ConfigurationStore] stored True
[2025-05-18 15:51:58Z INFO CredentialManager] GetCredentialProvider
[2025-05-18 15:51:58Z INFO CredentialManager] Creating type OAuth
[2025-05-18 15:51:58Z INFO CredentialManager] Creating credential type: OAuth
[2025-05-18 15:51:58Z INFO RSAEncryptedFileKeyManager] Loading RSA key parameters from file D:\facultate\idp\IDP_PROJECT\actions-runner\.credentials_rsaparams
[2025-05-18 15:52:49Z INFO ConfigurationStore] HasCredentials()
[2025-05-18 15:52:49Z INFO ConfigurationStore] stored True
[2025-05-18 15:52:49Z INFO CredentialManager] GetCredentialProvider
[2025-05-18 15:52:49Z INFO CredentialManager] Creating type OAuth
[2025-05-18 15:52:49Z INFO CredentialManager] Creating credential type: OAuth
[2025-05-18 15:52:49Z INFO RSAEncryptedFileKeyManager] Loading RSA key parameters from file D:\facultate\idp\IDP_PROJECT\actions-runner\.credentials_rsaparams
[2025-05-18 15:52:52Z INFO MessageListener] Message '9219979615736627662' received from session '75851330-ae09-45e1-ad58-f6406279320e'.
[2025-05-18 15:52:52Z INFO ConfigurationStore] HasCredentials()
[2025-05-18 15:52:52Z INFO ConfigurationStore] stored True
[2025-05-18 15:52:52Z INFO CredentialManager] GetCredentialProvider
[2025-05-18 15:52:52Z INFO CredentialManager] Creating type OAuth
[2025-05-18 15:52:52Z INFO CredentialManager] Creating credential type: OAuth
[2025-05-18 15:52:52Z INFO RSAEncryptedFileKeyManager] Loading RSA key parameters from file D:\facultate\idp\IDP_PROJECT\actions-runner\.credentials_rsaparams
[2025-05-18 15:52:52Z INFO RSAEncryptedFileKeyManager] Loading RSA key parameters from file D:\facultate\idp\IDP_PROJECT\actions-runner\.credentials_rsaparams
[2025-05-18 15:52:52Z INFO RSAEncryptedFileKeyManager] Loading RSA key parameters from file D:\facultate\idp\IDP_PROJECT\actions-runner\.credentials_rsaparams
[2025-05-18 15:52:53Z INFO GitHubActionsService] AAD Correlation ID for this token request: Unknown
[2025-05-18 15:52:53Z INFO JobDispatcher] Job request 0 for plan b243b287-df9c-4b74-8642-4257c7f9729e job 5d9257a8-0c8a-5997-b651-30d8c613c357 received.
[2025-05-18 15:52:53Z INFO MessageListener] Received job status event. JobState: Busy
[2025-05-18 15:52:53Z INFO MessageListener] _getMessagesTokenSource is already disposed.
[2025-05-18 15:52:53Z INFO JobDispatcher] Job request 69d3a450-12b6-5edc-a8a5-d8d8be93dd38 processed succeed.
[2025-05-18 15:52:53Z INFO Terminal] WRITE LINE: 2025-05-18 15:52:53Z: Running job: deploy
[2025-05-18 15:52:53Z INFO JobDispatcher] Start renew job request 0 for job 5d9257a8-0c8a-5997-b651-30d8c613c357.
[2025-05-18 15:52:54Z INFO JobDispatcher] Successfully renew job 5d9257a8-0c8a-5997-b651-30d8c613c357, job is valid till 18/05/2025 16:02:53
[2025-05-18 15:52:54Z INFO HostContext] Well known directory 'Bin': 'D:\facultate\idp\IDP_PROJECT\actions-runner\bin'
[2025-05-18 15:52:54Z INFO ProcessInvokerWrapper] Starting process:
[2025-05-18 15:52:54Z INFO ProcessInvokerWrapper]   File name: 'D:\facultate\idp\IDP_PROJECT\actions-runner\bin\Runner.Worker.exe'
[2025-05-18 15:52:54Z INFO ProcessInvokerWrapper]   Arguments: 'spawnclient 2400 1360'
[2025-05-18 15:52:54Z INFO ProcessInvokerWrapper]   Working directory: 'D:\facultate\idp\IDP_PROJECT\actions-runner\bin'
[2025-05-18 15:52:54Z INFO ProcessInvokerWrapper]   Require exit code zero: 'False'
[2025-05-18 15:52:54Z INFO ProcessInvokerWrapper]   Encoding web name:  ; code page: ''
[2025-05-18 15:52:54Z INFO ProcessInvokerWrapper]   Force kill process on cancellation: 'True'
[2025-05-18 15:52:54Z INFO ProcessInvokerWrapper]   Redirected STDIN: 'False'
[2025-05-18 15:52:54Z INFO ProcessInvokerWrapper]   Persist current code page: 'False'
[2025-05-18 15:52:54Z INFO ProcessInvokerWrapper]   Keep redirected STDIN open: 'False'
[2025-05-18 15:52:54Z INFO ProcessInvokerWrapper]   High priority process: 'True'
[2025-05-18 15:52:54Z INFO ProcessInvokerWrapper] Process started with process id 11380, waiting for process exit.
[2025-05-18 15:52:54Z INFO JobDispatcher] Send job request message to worker for job 5d9257a8-0c8a-5997-b651-30d8c613c357.
[2025-05-18 15:52:54Z INFO ProcessChannel] Sending message of length 18516, with hash '4b2365acf2145df2040ca774145892c0a3bf1c1ae4e7402a397ad038174ceaba'
[2025-05-18 15:52:54Z INFO JobNotification] Entering JobStarted Notification
[2025-05-18 15:52:54Z INFO JobNotification] Entering StartMonitor
[2025-05-18 15:52:55Z INFO ConfigurationStore] HasCredentials()
[2025-05-18 15:52:55Z INFO ConfigurationStore] stored True
[2025-05-18 15:52:55Z INFO CredentialManager] GetCredentialProvider
[2025-05-18 15:52:55Z INFO CredentialManager] Creating type OAuth
[2025-05-18 15:52:55Z INFO CredentialManager] Creating credential type: OAuth
[2025-05-18 15:52:55Z INFO RSAEncryptedFileKeyManager] Loading RSA key parameters from file D:\facultate\idp\IDP_PROJECT\actions-runner\.credentials_rsaparams
[2025-05-18 15:53:05Z INFO ProcessInvokerWrapper] STDOUT/STDERR stream read finished.
[2025-05-18 15:53:05Z INFO ProcessInvokerWrapper] STDOUT/STDERR stream read finished.
[2025-05-18 15:53:05Z INFO ProcessInvokerWrapper] Finished process 11380 with exit code 100, and elapsed time 00:00:11.1914402.
[2025-05-18 15:53:05Z INFO JobDispatcher] Worker finished for job 5d9257a8-0c8a-5997-b651-30d8c613c357. Code: 100
[2025-05-18 15:53:05Z INFO JobDispatcher] finish job request for job 5d9257a8-0c8a-5997-b651-30d8c613c357 with result: Succeeded
[2025-05-18 15:53:05Z INFO Terminal] WRITE LINE: 2025-05-18 15:53:05Z: Job deploy completed with result: Succeeded
[2025-05-18 15:53:05Z INFO JobDispatcher] Stop renew job request for job 5d9257a8-0c8a-5997-b651-30d8c613c357.
[2025-05-18 15:53:05Z INFO JobDispatcher] job renew has been cancelled, stop renew job 5d9257a8-0c8a-5997-b651-30d8c613c357.
[2025-05-18 15:53:05Z INFO JobNotification] Entering JobCompleted Notification
[2025-05-18 15:53:05Z INFO JobNotification] Entering EndMonitor
[2025-05-18 15:53:05Z INFO MessageListener] Received job status event. JobState: Online
[2025-05-18 15:53:45Z INFO ConfigurationStore] HasCredentials()
[2025-05-18 15:53:45Z INFO ConfigurationStore] stored True
[2025-05-18 15:53:45Z INFO CredentialManager] GetCredentialProvider
[2025-05-18 15:53:45Z INFO CredentialManager] Creating type OAuth
[2025-05-18 15:53:45Z INFO CredentialManager] Creating credential type: OAuth
[2025-05-18 15:53:45Z INFO RSAEncryptedFileKeyManager] Loading RSA key parameters from file D:\facultate\idp\IDP_PROJECT\actions-runner\.credentials_rsaparams
[2025-05-18 15:54:36Z INFO ConfigurationStore] HasCredentials()
[2025-05-18 15:54:36Z INFO ConfigurationStore] stored True
[2025-05-18 15:54:36Z INFO CredentialManager] GetCredentialProvider
[2025-05-18 15:54:36Z INFO CredentialManager] Creating type OAuth
[2025-05-18 15:54:36Z INFO CredentialManager] Creating credential type: OAuth
[2025-05-18 15:54:36Z INFO RSAEncryptedFileKeyManager] Loading RSA key parameters from file D:\facultate\idp\IDP_PROJECT\actions-runner\.credentials_rsaparams
[2025-05-18 15:55:26Z INFO ConfigurationStore] HasCredentials()
[2025-05-18 15:55:26Z INFO ConfigurationStore] stored True
[2025-05-18 15:55:26Z INFO CredentialManager] GetCredentialProvider
[2025-05-18 15:55:26Z INFO CredentialManager] Creating type OAuth
[2025-05-18 15:55:26Z INFO CredentialManager] Creating credential type: OAuth
[2025-05-18 15:55:26Z INFO RSAEncryptedFileKeyManager] Loading RSA key parameters from file D:\facultate\idp\IDP_PROJECT\actions-runner\.credentials_rsaparams
[2025-05-18 15:56:17Z INFO ConfigurationStore] HasCredentials()
[2025-05-18 15:56:17Z INFO ConfigurationStore] stored True
[2025-05-18 15:56:17Z INFO CredentialManager] GetCredentialProvider
[2025-05-18 15:56:17Z INFO CredentialManager] Creating type OAuth
[2025-05-18 15:56:17Z INFO CredentialManager] Creating credential type: OAuth
[2025-05-18 15:56:17Z INFO RSAEncryptedFileKeyManager] Loading RSA key parameters from file D:\facultate\idp\IDP_PROJECT\actions-runner\.credentials_rsaparams
[2025-05-18 15:57:07Z INFO ConfigurationStore] HasCredentials()
[2025-05-18 15:57:07Z INFO ConfigurationStore] stored True
[2025-05-18 15:57:07Z INFO CredentialManager] GetCredentialProvider
[2025-05-18 15:57:07Z INFO CredentialManager] Creating type OAuth
[2025-05-18 15:57:07Z INFO CredentialManager] Creating credential type: OAuth
[2025-05-18 15:57:07Z INFO RSAEncryptedFileKeyManager] Loading RSA key parameters from file D:\facultate\idp\IDP_PROJECT\actions-runner\.credentials_rsaparams
[2025-05-18 15:57:57Z INFO ConfigurationStore] HasCredentials()
[2025-05-18 15:57:57Z INFO ConfigurationStore] stored True
[2025-05-18 15:57:57Z INFO CredentialManager] GetCredentialProvider
[2025-05-18 15:57:57Z INFO CredentialManager] Creating type OAuth
[2025-05-18 15:57:57Z INFO CredentialManager] Creating credential type: OAuth
[2025-05-18 15:57:57Z INFO RSAEncryptedFileKeyManager] Loading RSA key parameters from file D:\facultate\idp\IDP_PROJECT\actions-runner\.credentials_rsaparams
[2025-05-18 15:58:47Z INFO ConfigurationStore] HasCredentials()
[2025-05-18 15:58:47Z INFO ConfigurationStore] stored True
[2025-05-18 15:58:47Z INFO CredentialManager] GetCredentialProvider
[2025-05-18 15:58:47Z INFO CredentialManager] Creating type OAuth
[2025-05-18 15:58:47Z INFO CredentialManager] Creating credential type: OAuth
[2025-05-18 15:58:47Z INFO RSAEncryptedFileKeyManager] Loading RSA key parameters from file D:\facultate\idp\IDP_PROJECT\actions-runner\.credentials_rsaparams
[2025-05-18 15:59:38Z INFO ConfigurationStore] HasCredentials()
[2025-05-18 15:59:38Z INFO ConfigurationStore] stored True
[2025-05-18 15:59:38Z INFO CredentialManager] GetCredentialProvider
[2025-05-18 15:59:38Z INFO CredentialManager] Creating type OAuth
[2025-05-18 15:59:38Z INFO CredentialManager] Creating credential type: OAuth
[2025-05-18 15:59:38Z INFO RSAEncryptedFileKeyManager] Loading RSA key parameters from file D:\facultate\idp\IDP_PROJECT\actions-runner\.credentials_rsaparams
[2025-05-18 16:00:28Z INFO ConfigurationStore] HasCredentials()
[2025-05-18 16:00:28Z INFO ConfigurationStore] stored True
[2025-05-18 16:00:28Z INFO CredentialManager] GetCredentialProvider
[2025-05-18 16:00:28Z INFO CredentialManager] Creating type OAuth
[2025-05-18 16:00:28Z INFO CredentialManager] Creating credential type: OAuth
[2025-05-18 16:00:28Z INFO RSAEncryptedFileKeyManager] Loading RSA key parameters from file D:\facultate\idp\IDP_PROJECT\actions-runner\.credentials_rsaparams
[2025-05-18 16:01:19Z INFO ConfigurationStore] HasCredentials()
[2025-05-18 16:01:19Z INFO ConfigurationStore] stored True
[2025-05-18 16:01:19Z INFO CredentialManager] GetCredentialProvider
[2025-05-18 16:01:19Z INFO CredentialManager] Creating type OAuth
[2025-05-18 16:01:19Z INFO CredentialManager] Creating credential type: OAuth
[2025-05-18 16:01:19Z INFO RSAEncryptedFileKeyManager] Loading RSA key parameters from file D:\facultate\idp\IDP_PROJECT\actions-runner\.credentials_rsaparams
[2025-05-18 16:02:09Z INFO RSAEncryptedFileKeyManager] Loading RSA key parameters from file D:\facultate\idp\IDP_PROJECT\actions-runner\.credentials_rsaparams
[2025-05-18 16:02:10Z INFO GitHubActionsService] AAD Correlation ID for this token request: Unknown
[2025-05-18 16:02:10Z INFO ConfigurationStore] HasCredentials()
[2025-05-18 16:02:10Z INFO ConfigurationStore] stored True
[2025-05-18 16:02:10Z INFO CredentialManager] GetCredentialProvider
[2025-05-18 16:02:10Z INFO CredentialManager] Creating type OAuth
[2025-05-18 16:02:10Z INFO CredentialManager] Creating credential type: OAuth
[2025-05-18 16:02:10Z INFO RSAEncryptedFileKeyManager] Loading RSA key parameters from file D:\facultate\idp\IDP_PROJECT\actions-runner\.credentials_rsaparams
[2025-05-18 16:03:00Z INFO ConfigurationStore] HasCredentials()
[2025-05-18 16:03:00Z INFO ConfigurationStore] stored True
[2025-05-18 16:03:00Z INFO CredentialManager] GetCredentialProvider
[2025-05-18 16:03:00Z INFO CredentialManager] Creating type OAuth
[2025-05-18 16:03:00Z INFO CredentialManager] Creating credential type: OAuth
[2025-05-18 16:03:00Z INFO RSAEncryptedFileKeyManager] Loading RSA key parameters from file D:\facultate\idp\IDP_PROJECT\actions-runner\.credentials_rsaparams
[2025-05-18 16:03:50Z INFO ConfigurationStore] HasCredentials()
[2025-05-18 16:03:50Z INFO ConfigurationStore] stored True
[2025-05-18 16:03:50Z INFO CredentialManager] GetCredentialProvider
[2025-05-18 16:03:50Z INFO CredentialManager] Creating type OAuth
[2025-05-18 16:03:50Z INFO CredentialManager] Creating credential type: OAuth
[2025-05-18 16:03:50Z INFO RSAEncryptedFileKeyManager] Loading RSA key parameters from file D:\facultate\idp\IDP_PROJECT\actions-runner\.credentials_rsaparams
[2025-05-18 16:04:41Z INFO ConfigurationStore] HasCredentials()
[2025-05-18 16:04:41Z INFO ConfigurationStore] stored True
[2025-05-18 16:04:41Z INFO CredentialManager] GetCredentialProvider
[2025-05-18 16:04:41Z INFO CredentialManager] Creating type OAuth
[2025-05-18 16:04:41Z INFO CredentialManager] Creating credential type: OAuth
[2025-05-18 16:04:41Z INFO RSAEncryptedFileKeyManager] Loading RSA key parameters from file D:\facultate\idp\IDP_PROJECT\actions-runner\.credentials_rsaparams
[2025-05-18 16:05:31Z INFO ConfigurationStore] HasCredentials()
[2025-05-18 16:05:31Z INFO ConfigurationStore] stored True
[2025-05-18 16:05:31Z INFO CredentialManager] GetCredentialProvider
[2025-05-18 16:05:31Z INFO CredentialManager] Creating type OAuth
[2025-05-18 16:05:31Z INFO CredentialManager] Creating credential type: OAuth
[2025-05-18 16:05:31Z INFO RSAEncryptedFileKeyManager] Loading RSA key parameters from file D:\facultate\idp\IDP_PROJECT\actions-runner\.credentials_rsaparams
[2025-05-18 16:06:21Z INFO ConfigurationStore] HasCredentials()
[2025-05-18 16:06:21Z INFO ConfigurationStore] stored True
[2025-05-18 16:06:21Z INFO CredentialManager] GetCredentialProvider
[2025-05-18 16:06:21Z INFO CredentialManager] Creating type OAuth
[2025-05-18 16:06:21Z INFO CredentialManager] Creating credential type: OAuth
[2025-05-18 16:06:21Z INFO RSAEncryptedFileKeyManager] Loading RSA key parameters from file D:\facultate\idp\IDP_PROJECT\actions-runner\.credentials_rsaparams
