[2025-05-18 15:52:54Z INFO HostContext] No proxy settings were found based on environmental variables (http_proxy/https_proxy/HTTP_PROXY/HTTPS_PROXY)
[2025-05-18 15:52:54Z INFO HostContext] Well known directory 'Bin': 'D:\facultate\idp\IDP_PROJECT\actions-runner\bin'
[2025-05-18 15:52:54Z INFO HostContext] Well known directory 'Root': 'D:\facultate\idp\IDP_PROJECT\actions-runner'
[2025-05-18 15:52:54Z INFO HostContext] Well known config file 'Credentials': 'D:\facultate\idp\IDP_PROJECT\actions-runner\.credentials'
[2025-05-18 15:52:54Z INFO HostContext] Well known directory 'Bin': 'D:\facultate\idp\IDP_PROJECT\actions-runner\bin'
[2025-05-18 15:52:54Z INFO HostContext] Well known directory 'Root': 'D:\facultate\idp\IDP_PROJECT\actions-runner'
[2025-05-18 15:52:54Z INFO HostContext] Well known config file 'Runner': 'D:\facultate\idp\IDP_PROJECT\actions-runner\.runner'
[2025-05-18 15:52:54Z INFO Worker] Version: 2.324.0
[2025-05-18 15:52:54Z INFO Worker] Commit: da3412efd49b1cf1a0fbdcbcee4e4ac4cc2177c8
[2025-05-18 15:52:54Z INFO Worker] Culture: en-150
[2025-05-18 15:52:54Z INFO Worker] UI Culture: en-US
[2025-05-18 15:52:54Z INFO Worker] Waiting to receive the job message from the channel.
[2025-05-18 15:52:54Z INFO ProcessChannel] Receiving message of length 18516, with hash '4b2365acf2145df2040ca774145892c0a3bf1c1ae4e7402a397ad038174ceaba'
[2025-05-18 15:52:54Z INFO Worker] Message received.
[2025-05-18 15:52:54Z INFO Worker] Job message:
 {
  "fileTable": [
    ".github/workflows/main.yml"
  ],
  "mask": [
    {
      "type": "regex",
      "value": "***"
    },
    {
      "type": "regex",
      "value": "***"
    },
    {
      "type": "regex",
      "value": "***"
    },
    {
      "type": "regex",
      "value": "***"
    },
    {
      "type": "regex",
      "value": "***"
    },
    {
      "type": "regex",
      "value": "***"
    },
    {
      "type": "regex",
      "value": "***"
    },
    {
      "type": "regex",
      "value": "***"
    },
    {
      "type": "regex",
      "value": "***"
    },
    {
      "type": "regex",
      "value": "***"
    },
    {
      "type": "regex",
      "value": "***"
    },
    {
      "type": "regex",
      "value": "***"
    },
    {
      "type": "regex",
      "value": "***"
    },
    {
      "type": "regex",
      "value": "***"
    },
    {
      "type": "regex",
      "value": "***"
    },
    {
      "type": "regex",
      "value": "***"
    },
    {
      "type": "regex",
      "value": "***"
    },
    {
      "type": "regex",
      "value": "***"
    }
  ],
  "steps": [
    {
      "type": "action",
      "reference": {
        "type": "repository",
        "name": "actions/checkout",
        "ref": "v3",
        "repositoryType": "GitHub"
      },
      "displayNameToken": {
        "type": 0,
        "file": 1,
        "line": 60,
        "col": 15,
        "lit": "Checkout code"
      },
      "contextName": "__actions_checkout",
      "condition": "success()",
      "id": "6a40fea7-292e-4bdd-b32b-d3450d678a52",
      "name": "__actions_checkout"
    },
    {
      "type": "action",
      "reference": {
        "type": "script"
      },
      "displayNameToken": {
        "type": 0,
        "file": 1,
        "line": 63,
        "col": 15,
        "lit": "Run deployment script"
      },
      "contextName": "__run",
      "inputs": {
        "type": 2,
        "map": [
          {
            "key": "script",
            "value": {
              "type": 0,
              "file": 1,
              "line": 64,
              "col": 14,
              "lit": "./deploy.sh"
            }
          }
        ]
      },
      "condition": "success()",
      "id": "c863c1e8-9f6a-4979-ab15-dab85fd96fe4",
      "name": "__run"
    }
  ],
  "variables": {
    "Actions.EnableHttpRedirects": {
      "value": "true"
    },
    "DistributedTask.AddWarningToNode12Action": {
      "value": "true"
    },
    "DistributedTask.AddWarningToNode16Action": {
      "value": "true"
    },
    "DistributedTask.AllowRunnerContainerHooks": {
      "value": "true"
    },
    "DistributedTask.DeprecateStepOutputCommands": {
      "value": "true"
    },
    "DistributedTask.DetailUntarFailure": {
      "value": "true"
    },
    "DistributedTask.EnableCompositeActions": {
      "value": "true"
    },
    "DistributedTask.EnableJobServerQueueTelemetry": {
      "value": "true"
    },
    "DistributedTask.EnhancedAnnotations": {
      "value": "true"
    },
    "DistributedTask.ForceGithubJavascriptActionsToNode16": {
      "value": "true"
    },
    "DistributedTask.ForceGithubJavascriptActionsToNode20": {
      "value": "true"
    },
    "DistributedTask.LogTemplateErrorsAsDebugMessages": {
      "value": "true"
    },
    "DistributedTask.MarkJobAsFailedOnWorkerCrash": {
      "value": "true"
    },
    "DistributedTask.NewActionMetadata": {
      "value": "true"
    },
    "DistributedTask.UploadStepSummary": {
      "value": "true"
    },
    "DistributedTask.UseActionArchiveCache": {
      "value": "true"
    },
    "DistributedTask.UseWhich2": {
      "value": "true"
    },
    "RunService.FixEmbeddedIssues": {
      "value": "true"
    },
    "actions_add_check_run_id_to_job_context": {
      "value": "false"
    },
    "actions_skip_retry_complete_job_upon_known_errors": {
      "value": "true"
    },
    "actions_uses_cache_service_v2": {
      "value": "true"
    },
    "github_token": {
      "value": "***",
      "isSecret": true
    },
    "system.from_run_service": {
      "value": "true"
    },
    "system.github.job": {
      "value": "deploy"
    },
    "system.github.launch_endpoint": {
      "value": "https://launch.actions.githubusercontent.com"
    },
    "system.github.results_endpoint": {
      "value": "https://results-receiver.actions.githubusercontent.com/"
    },
    "system.github.results_upload_with_sdk": {
      "value": "true"
    },
    "system.github.token": {
      "value": "***",
      "isSecret": true
    },
    "system.github.token.permissions": {
      "value": "{\"Contents\":\"read\",\"Metadata\":\"read\",\"Packages\":\"read\"}"
    },
    "system.orchestrationId": {
      "value": "b243b287-df9c-4b74-8642-4257c7f9729e.deploy.__default"
    },
    "system.phaseDisplayName": {
      "value": "deploy"
    },
    "system.runner.lowdiskspacethreshold": {
      "value": "100"
    },
    "system.runnerEnvironment": {
      "value": "self-hosted"
    }
  },
  "messageType": "RunnerJobRequest",
  "plan": {
    "scopeIdentifier": "00000000-0000-0000-0000-000000000000",
    "planType": "actions",
    "version": 0,
    "planId": "b243b287-df9c-4b74-8642-4257c7f9729e",
    "planGroup": null,
    "artifactUri": null,
    "artifactLocation": null,
    "definition": null,
    "owner": null
  },
  "timeline": {
    "id": "b243b287-df9c-4b74-8642-4257c7f9729e",
    "changeId": 0,
    "location": null
  },
  "jobId": "5d9257a8-0c8a-5997-b651-30d8c613c357",
  "jobDisplayName": "deploy",
  "jobName": "__default",
  "requestId": 0,
  "lockedUntil": "0001-01-01T00:00:00",
  "resources": {
    "endpoints": [
      {
        "data": {
          "ServerId": "",
          "ServerName": "",
          "CacheServerUrl": "https://acghubeus1.actions.githubusercontent.com/7cYJL3xbALoMulBil2ICtXqPY1V98TCNAgQIGmmECzN8fQPJv9/",
          "FeedStreamUrl": "wss://results-receiver.actions.githubusercontent.com/_ws/ingest.sock",
          "ResultsServiceUrl": "https://results-receiver.actions.githubusercontent.com/",
          "PipelinesServiceUrl": "https://pipelinesghubeus8.actions.githubusercontent.com/7cYJL3xbALoMulBil2ICtXqPY1V98TCNAgQIGmmECzN8fQPJv9/",
          "GenerateIdTokenUrl": ""
        },
        "name": "SystemVssConnection",
        "url": "https://run-actions-2-azure-eastus.actions.githubusercontent.com/19/",
        "authorization": {
          "parameters": {
            "AccessToken": "***"
          },
          "scheme": "OAuth"
        },
        "isShared": false,
        "isReady": true
      }
    ]
  },
  "contextData": {
    "github": {
      "t": 2,
      "d": [
        {
          "k": "ref",
          "v": "refs/heads/main"
        },
        {
          "k": "sha",
          "v": "c92665b8a5e998792e440e1b6fcf055978e4e79a"
        },
        {
          "k": "repository",
          "v": "ultracln/IDP_PROJECT"
        },
        {
          "k": "repository_owner",
          "v": "ultracln"
        },
        {
          "k": "repository_owner_id",
          "v": "94381283"
        },
        {
          "k": "repositoryUrl",
          "v": "git://github.com/ultracln/IDP_PROJECT.git"
        },
        {
          "k": "run_id",
          "v": "15097590532"
        },
        {
          "k": "run_number",
          "v": "16"
        },
        {
          "k": "retention_days",
          "v": "90"
        },
        {
          "k": "run_attempt",
          "v": "1"
        },
        {
          "k": "artifact_cache_size_limit",
          "v": "10"
        },
        {
          "k": "repository_visibility",
          "v": "public"
        },
        {
          "k": "actor_id",
          "v": "94381283"
        },
        {
          "k": "actor",
          "v": "ultracln"
        },
        {
          "k": "workflow",
          "v": "CI/CD Pipeline with Versioned Images"
        },
        {
          "k": "head_ref",
          "v": ""
        },
        {
          "k": "base_ref",
          "v": ""
        },
        {
          "k": "event_name",
          "v": "push"
        },
        {
          "k": "server_url",
          "v": "https://github.com"
        },
        {
          "k": "api_url",
          "v": "https://api.github.com"
        },
        {
          "k": "graphql_url",
          "v": "https://api.github.com/graphql"
        },
        {
          "k": "ref_name",
          "v": "main"
        },
        {
          "k": "ref_protected",
          "v": false
        },
        {
          "k": "ref_type",
          "v": "branch"
        },
        {
          "k": "secret_source",
          "v": "Actions"
        },
        {
          "k": "event",
          "v": {
            "t": 2,
            "d": [
              {
                "k": "after",
                "v": "c92665b8a5e998792e440e1b6fcf055978e4e79a"
              },
              {
                "k": "base_ref",
                "v": null
              },
              {
                "k": "before",
                "v": "5d47993919c26c0ef4d465f0bdda9ca40b1a13a2"
              },
              {
                "k": "commits",
                "v": {
                  "t": 1,
                  "a": [
                    {
                      "t": 2,
                      "d": [
                        {
                          "k": "author",
                          "v": {
                            "t": 2,
                            "d": [
                              {
                                "k": "email",
                                "v": "94381283+ultracln@users.noreply.github.com"
                              },
                              {
                                "k": "name",
                                "v": "Ioana-Călina Pascu"
                              },
                              {
                                "k": "username",
                                "v": "ultracln"
                              }
                            ]
                          }
                        },
                        {
                          "k": "committer",
                          "v": {
                            "t": 2,
                            "d": [
                              {
                                "k": "email",
                                "v": "94381283+ultracln@users.noreply.github.com"
                              },
                              {
                                "k": "name",
                                "v": "Ioana-Călina Pascu"
                              },
                              {
                                "k": "username",
                                "v": "ultracln"
                              }
                            ]
                          }
                        },
                        {
                          "k": "distinct",
                          "v": true
                        },
                        {
                          "k": "id",
                          "v": "c92665b8a5e998792e440e1b6fcf055978e4e79a"
                        },
                        {
                          "k": "message",
                          "v": "trigger rebuild"
                        },
                        {
                          "k": "timestamp",
                          "v": "2025-05-18T18:50:46+03:00"
                        },
                        {
                          "k": "tree_id",
                          "v": "ffd1466d4e9bccea21a490acb3315b0babad4bd7"
                        },
                        {
                          "k": "url",
                          "v": "https://github.com/ultracln/IDP_PROJECT/commit/c92665b8a5e998792e440e1b6fcf055978e4e79a"
                        }
                      ]
                    }
                  ]
                }
              },
              {
                "k": "compare",
                "v": "https://github.com/ultracln/IDP_PROJECT/compare/5d47993919c2...c92665b8a5e9"
              },
              {
                "k": "created",
                "v": false
              },
              {
                "k": "deleted",
                "v": false
              },
              {
                "k": "forced",
                "v": false
              },
              {
                "k": "head_commit",
                "v": {
                  "t": 2,
                  "d": [
                    {
                      "k": "author",
                      "v": {
                        "t": 2,
                        "d": [
                          {
                            "k": "email",
                            "v": "94381283+ultracln@users.noreply.github.com"
                          },
                          {
                            "k": "name",
                            "v": "Ioana-Călina Pascu"
                          },
                          {
                            "k": "username",
                            "v": "ultracln"
                          }
                        ]
                      }
                    },
                    {
                      "k": "committer",
                      "v": {
                        "t": 2,
                        "d": [
                          {
                            "k": "email",
                            "v": "94381283+ultracln@users.noreply.github.com"
                          },
                          {
                            "k": "name",
                            "v": "Ioana-Călina Pascu"
                          },
                          {
                            "k": "username",
                            "v": "ultracln"
                          }
                        ]
                      }
                    },
                    {
                      "k": "distinct",
                      "v": true
                    },
                    {
                      "k": "id",
                      "v": "c92665b8a5e998792e440e1b6fcf055978e4e79a"
                    },
                    {
                      "k": "message",
                      "v": "trigger rebuild"
                    },
                    {
                      "k": "timestamp",
                      "v": "2025-05-18T18:50:46+03:00"
                    },
                    {
                      "k": "tree_id",
                      "v": "ffd1466d4e9bccea21a490acb3315b0babad4bd7"
                    },
                    {
                      "k": "url",
                      "v": "https://github.com/ultracln/IDP_PROJECT/commit/c92665b8a5e998792e440e1b6fcf055978e4e79a"
                    }
                  ]
                }
              },
              {
                "k": "pusher",
                "v": {
                  "t": 2,
                  "d": [
                    {
                      "k": "email",
                      "v": "94381283+ultracln@users.noreply.github.com"
                    },
                    {
                      "k": "name",
                      "v": "ultracln"
                    }
                  ]
                }
              },
              {
                "k": "ref",
                "v": "refs/heads/main"
              },
              {
                "k": "repository",
                "v": {
                  "t": 2,
                  "d": [
                    {
                      "k": "allow_forking",
                      "v": true
                    },
                    {
                      "k": "archive_url",
                      "v": "https://api.github.com/repos/ultracln/IDP_PROJECT/{archive_format}{/ref}"
                    },
                    {
                      "k": "archived",
                      "v": false
                    },
                    {
                      "k": "assignees_url",
                      "v": "https://api.github.com/repos/ultracln/IDP_PROJECT/assignees{/user}"
                    },
                    {
                      "k": "blobs_url",
                      "v": "https://api.github.com/repos/ultracln/IDP_PROJECT/git/blobs{/sha}"
                    },
                    {
                      "k": "branches_url",
                      "v": "https://api.github.com/repos/ultracln/IDP_PROJECT/branches{/branch}"
                    },
                    {
                      "k": "clone_url",
                      "v": "https://github.com/ultracln/IDP_PROJECT.git"
                    },
                    {
                      "k": "collaborators_url",
                      "v": "https://api.github.com/repos/ultracln/IDP_PROJECT/collaborators{/collaborator}"
                    },
                    {
                      "k": "comments_url",
                      "v": "https://api.github.com/repos/ultracln/IDP_PROJECT/comments{/number}"
                    },
                    {
                      "k": "commits_url",
                      "v": "https://api.github.com/repos/ultracln/IDP_PROJECT/commits{/sha}"
                    },
                    {
                      "k": "compare_url",
                      "v": "https://api.github.com/repos/ultracln/IDP_PROJECT/compare/{base}...{head}"
                    },
                    {
                      "k": "contents_url",
                      "v": "https://api.github.com/repos/ultracln/IDP_PROJECT/contents/{+path}"
                    },
                    {
                      "k": "contributors_url",
                      "v": "https://api.github.com/repos/ultracln/IDP_PROJECT/contributors"
                    },
                    {
                      "k": "created_at",
                      "v": 1742935241.0
                    },
                    {
                      "k": "default_branch",
                      "v": "main"
                    },
                    {
                      "k": "deployments_url",
                      "v": "https://api.github.com/repos/ultracln/IDP_PROJECT/deployments"
                    },
                    {
                      "k": "description",
                      "v": "ANUL4 SEM2 IDP PROIECT"
                    },
                    {
                      "k": "disabled",
                      "v": false
                    },
                    {
                      "k": "downloads_url",
                      "v": "https://api.github.com/repos/ultracln/IDP_PROJECT/downloads"
                    },
                    {
                      "k": "events_url",
                      "v": "https://api.github.com/repos/ultracln/IDP_PROJECT/events"
                    },
                    {
                      "k": "fork",
                      "v": false
                    },
                    {
                      "k": "forks",
                      "v": 0.0
                    },
                    {
                      "k": "forks_count",
                      "v": 0.0
                    },
                    {
                      "k": "forks_url",
                      "v": "https://api.github.com/repos/ultracln/IDP_PROJECT/forks"
                    },
                    {
                      "k": "full_name",
                      "v": "ultracln/IDP_PROJECT"
                    },
                    {
                      "k": "git_commits_url",
                      "v": "https://api.github.com/repos/ultracln/IDP_PROJECT/git/commits{/sha}"
                    },
                    {
                      "k": "git_refs_url",
                      "v": "https://api.github.com/repos/ultracln/IDP_PROJECT/git/refs{/sha}"
                    },
                    {
                      "k": "git_tags_url",
                      "v": "https://api.github.com/repos/ultracln/IDP_PROJECT/git/tags{/sha}"
                    },
                    {
                      "k": "git_url",
                      "v": "git://github.com/ultracln/IDP_PROJECT.git"
                    },
                    {
                      "k": "has_discussions",
                      "v": false
                    },
                    {
                      "k": "has_downloads",
                      "v": true
                    },
                    {
                      "k": "has_issues",
                      "v": true
                    },
                    {
                      "k": "has_pages",
                      "v": false
                    },
                    {
                      "k": "has_projects",
                      "v": true
                    },
                    {
                      "k": "has_wiki",
                      "v": false
                    },
                    {
                      "k": "homepage",
                      "v": null
                    },
                    {
                      "k": "hooks_url",
                      "v": "https://api.github.com/repos/ultracln/IDP_PROJECT/hooks"
                    },
                    {
                      "k": "html_url",
                      "v": "https://github.com/ultracln/IDP_PROJECT"
                    },
                    {
                      "k": "id",
                      "v": 954926324.0
                    },
                    {
                      "k": "is_template",
                      "v": false
                    },
                    {
                      "k": "issue_comment_url",
                      "v": "https://api.github.com/repos/ultracln/IDP_PROJECT/issues/comments{/number}"
                    },
                    {
                      "k": "issue_events_url",
                      "v": "https://api.github.com/repos/ultracln/IDP_PROJECT/issues/events{/number}"
                    },
                    {
                      "k": "issues_url",
                      "v": "https://api.github.com/repos/ultracln/IDP_PROJECT/issues{/number}"
                    },
                    {
                      "k": "keys_url",
                      "v": "https://api.github.com/repos/ultracln/IDP_PROJECT/keys{/key_id}"
                    },
                    {
                      "k": "labels_url",
                      "v": "https://api.github.com/repos/ultracln/IDP_PROJECT/labels{/name}"
                    },
                    {
                      "k": "language",
                      "v": "TypeScript"
                    },
                    {
                      "k": "languages_url",
                      "v": "https://api.github.com/repos/ultracln/IDP_PROJECT/languages"
                    },
                    {
                      "k": "license",
                      "v": null
                    },
                    {
                      "k": "master_branch",
                      "v": "main"
                    },
                    {
                      "k": "merges_url",
                      "v": "https://api.github.com/repos/ultracln/IDP_PROJECT/merges"
                    },
                    {
                      "k": "milestones_url",
                      "v": "https://api.github.com/repos/ultracln/IDP_PROJECT/milestones{/number}"
                    },
                    {
                      "k": "mirror_url",
                      "v": null
                    },
                    {
                      "k": "name",
                      "v": "IDP_PROJECT"
                    },
                    {
                      "k": "node_id",
                      "v": "R_kgDOOOsE9A"
                    },
                    {
                      "k": "notifications_url",
                      "v": "https://api.github.com/repos/ultracln/IDP_PROJECT/notifications{?since,all,participating}"
                    },
                    {
                      "k": "open_issues",
                      "v": 0.0
                    },
                    {
                      "k": "open_issues_count",
                      "v": 0.0
                    },
                    {
                      "k": "owner",
                      "v": {
                        "t": 2,
                        "d": [
                          {
                            "k": "avatar_url",
                            "v": "https://avatars.githubusercontent.com/u/94381283?v=4"
                          },
                          {
                            "k": "email",
                            "v": "94381283+ultracln@users.noreply.github.com"
                          },
                          {
                            "k": "events_url",
                            "v": "https://api.github.com/users/ultracln/events{/privacy}"
                          },
                          {
                            "k": "followers_url",
                            "v": "https://api.github.com/users/ultracln/followers"
                          },
                          {
                            "k": "following_url",
                            "v": "https://api.github.com/users/ultracln/following{/other_user}"
                          },
                          {
                            "k": "gists_url",
                            "v": "https://api.github.com/users/ultracln/gists{/gist_id}"
                          },
                          {
                            "k": "gravatar_id",
                            "v": ""
                          },
                          {
                            "k": "html_url",
                            "v": "https://github.com/ultracln"
                          },
                          {
                            "k": "id",
                            "v": 94381283.0
                          },
                          {
                            "k": "login",
                            "v": "ultracln"
                          },
                          {
                            "k": "name",
                            "v": "ultracln"
                          },
                          {
                            "k": "node_id",
                            "v": "U_kgDOBaAk4w"
                          },
                          {
                            "k": "organizations_url",
                            "v": "https://api.github.com/users/ultracln/orgs"
                          },
                          {
                            "k": "received_events_url",
                            "v": "https://api.github.com/users/ultracln/received_events"
                          },
                          {
                            "k": "repos_url",
                            "v": "https://api.github.com/users/ultracln/repos"
                          },
                          {
                            "k": "site_admin",
                            "v": false
                          },
                          {
                            "k": "starred_url",
                            "v": "https://api.github.com/users/ultracln/starred{/owner}{/repo}"
                          },
                          {
                            "k": "subscriptions_url",
                            "v": "https://api.github.com/users/ultracln/subscriptions"
                          },
                          {
                            "k": "type",
                            "v": "User"
                          },
                          {
                            "k": "url",
                            "v": "https://api.github.com/users/ultracln"
                          },
                          {
                            "k": "user_view_type",
                            "v": "public"
                          }
                        ]
                      }
                    },
                    {
                      "k": "private",
                      "v": false
                    },
                    {
                      "k": "pulls_url",
                      "v": "https://api.github.com/repos/ultracln/IDP_PROJECT/pulls{/number}"
                    },
                    {
                      "k": "pushed_at",
                      "v": 1747583459.0
                    },
                    {
                      "k": "releases_url",
                      "v": "https://api.github.com/repos/ultracln/IDP_PROJECT/releases{/id}"
                    },
                    {
                      "k": "size",
                      "v": 172319.0
                    },
                    {
                      "k": "ssh_url",
                      "v": "git@github.com:ultracln/IDP_PROJECT.git"
                    },
                    {
                      "k": "stargazers",
                      "v": 0.0
                    },
                    {
                      "k": "stargazers_count",
                      "v": 0.0
                    },
                    {
                      "k": "stargazers_url",
                      "v": "https://api.github.com/repos/ultracln/IDP_PROJECT/stargazers"
                    },
                    {
                      "k": "statuses_url",
                      "v": "https://api.github.com/repos/ultracln/IDP_PROJECT/statuses/{sha}"
                    },
                    {
                      "k": "subscribers_url",
                      "v": "https://api.github.com/repos/ultracln/IDP_PROJECT/subscribers"
                    },
                    {
                      "k": "subscription_url",
                      "v": "https://api.github.com/repos/ultracln/IDP_PROJECT/subscription"
                    },
                    {
                      "k": "svn_url",
                      "v": "https://github.com/ultracln/IDP_PROJECT"
                    },
                    {
                      "k": "tags_url",
                      "v": "https://api.github.com/repos/ultracln/IDP_PROJECT/tags"
                    },
                    {
                      "k": "teams_url",
                      "v": "https://api.github.com/repos/ultracln/IDP_PROJECT/teams"
                    },
                    {
                      "k": "topics",
                      "v": {
                        "t": 1
                      }
                    },
                    {
                      "k": "trees_url",
                      "v": "https://api.github.com/repos/ultracln/IDP_PROJECT/git/trees{/sha}"
                    },
                    {
                      "k": "updated_at",
                      "v": "2025-05-18T12:23:56Z"
                    },
                    {
                      "k": "url",
                      "v": "https://api.github.com/repos/ultracln/IDP_PROJECT"
                    },
                    {
                      "k": "visibility",
                      "v": "public"
                    },
                    {
                      "k": "watchers",
                      "v": 0.0
                    },
                    {
                      "k": "watchers_count",
                      "v": 0.0
                    },
                    {
                      "k": "web_commit_signoff_required",
                      "v": false
                    }
                  ]
                }
              },
              {
                "k": "sender",
                "v": {
                  "t": 2,
                  "d": [
                    {
                      "k": "avatar_url",
                      "v": "https://avatars.githubusercontent.com/u/94381283?v=4"
                    },
                    {
                      "k": "events_url",
                      "v": "https://api.github.com/users/ultracln/events{/privacy}"
                    },
                    {
                      "k": "followers_url",
                      "v": "https://api.github.com/users/ultracln/followers"
                    },
                    {
                      "k": "following_url",
                      "v": "https://api.github.com/users/ultracln/following{/other_user}"
                    },
                    {
                      "k": "gists_url",
                      "v": "https://api.github.com/users/ultracln/gists{/gist_id}"
                    },
                    {
                      "k": "gravatar_id",
                      "v": ""
                    },
                    {
                      "k": "html_url",
                      "v": "https://github.com/ultracln"
                    },
                    {
                      "k": "id",
                      "v": 94381283.0
                    },
                    {
                      "k": "login",
                      "v": "ultracln"
                    },
                    {
                      "k": "node_id",
                      "v": "U_kgDOBaAk4w"
                    },
                    {
                      "k": "organizations_url",
                      "v": "https://api.github.com/users/ultracln/orgs"
                    },
                    {
                      "k": "received_events_url",
                      "v": "https://api.github.com/users/ultracln/received_events"
                    },
                    {
                      "k": "repos_url",
                      "v": "https://api.github.com/users/ultracln/repos"
                    },
                    {
                      "k": "site_admin",
                      "v": false
                    },
                    {
                      "k": "starred_url",
                      "v": "https://api.github.com/users/ultracln/starred{/owner}{/repo}"
                    },
                    {
                      "k": "subscriptions_url",
                      "v": "https://api.github.com/users/ultracln/subscriptions"
                    },
                    {
                      "k": "type",
                      "v": "User"
                    },
                    {
                      "k": "url",
                      "v": "https://api.github.com/users/ultracln"
                    },
                    {
                      "k": "user_view_type",
                      "v": "public"
                    }
                  ]
                }
              }
            ]
          }
        },
        {
          "k": "workflow_ref",
          "v": "ultracln/IDP_PROJECT/.github/workflows/main.yml@refs/heads/main"
        },
        {
          "k": "workflow_sha",
          "v": "c92665b8a5e998792e440e1b6fcf055978e4e79a"
        },
        {
          "k": "repository_id",
          "v": "954926324"
        },
        {
          "k": "triggering_actor",
          "v": "ultracln"
        }
      ]
    },
    "inputs": {
      "t": 2
    },
    "matrix": null,
    "needs": {
      "t": 2,
      "d": [
        {
          "k": "build-and-push",
          "v": {
            "t": 2,
            "d": [
              {
                "k": "result",
                "v": "success"
              },
              {
                "k": "outputs",
                "v": {
                  "t": 2
                }
              }
            ]
          }
        }
      ]
    },
    "strategy": {
      "t": 2,
      "d": [
        {
          "k": "fail-fast",
          "v": true
        },
        {
          "k": "job-index",
          "v": 0.0
        },
        {
          "k": "job-total",
          "v": 1.0
        },
        {
          "k": "max-parallel",
          "v": 1.0
        }
      ]
    },
    "vars": {
      "t": 2
    }
  },
  "billingOwnerId": "U_kgDOBaAk4w"
}
[2025-05-18 15:52:54Z INFO JobRunner] Job ID 5d9257a8-0c8a-5997-b651-30d8c613c357
[2025-05-18 15:52:54Z INFO ConfigurationStore] currentAssemblyLocation: D:\facultate\idp\IDP_PROJECT\actions-runner\bin\Runner.Worker.dll
[2025-05-18 15:52:54Z INFO HostContext] Well known directory 'Bin': 'D:\facultate\idp\IDP_PROJECT\actions-runner\bin'
[2025-05-18 15:52:54Z INFO ConfigurationStore] binPath: D:\facultate\idp\IDP_PROJECT\actions-runner\bin
[2025-05-18 15:52:54Z INFO HostContext] Well known directory 'Bin': 'D:\facultate\idp\IDP_PROJECT\actions-runner\bin'
[2025-05-18 15:52:54Z INFO HostContext] Well known directory 'Root': 'D:\facultate\idp\IDP_PROJECT\actions-runner'
[2025-05-18 15:52:54Z INFO ConfigurationStore] RootFolder: D:\facultate\idp\IDP_PROJECT\actions-runner
[2025-05-18 15:52:54Z INFO HostContext] Well known directory 'Bin': 'D:\facultate\idp\IDP_PROJECT\actions-runner\bin'
[2025-05-18 15:52:54Z INFO HostContext] Well known directory 'Root': 'D:\facultate\idp\IDP_PROJECT\actions-runner'
[2025-05-18 15:52:54Z INFO HostContext] Well known config file 'Runner': 'D:\facultate\idp\IDP_PROJECT\actions-runner\.runner'
[2025-05-18 15:52:54Z INFO ConfigurationStore] ConfigFilePath: D:\facultate\idp\IDP_PROJECT\actions-runner\.runner
[2025-05-18 15:52:54Z INFO HostContext] Well known directory 'Bin': 'D:\facultate\idp\IDP_PROJECT\actions-runner\bin'
[2025-05-18 15:52:54Z INFO HostContext] Well known directory 'Root': 'D:\facultate\idp\IDP_PROJECT\actions-runner'
[2025-05-18 15:52:54Z INFO HostContext] Well known config file 'MigratedRunner': 'D:\facultate\idp\IDP_PROJECT\actions-runner\.runner_migrated'
[2025-05-18 15:52:54Z INFO ConfigurationStore] MigratedConfigFilePath: D:\facultate\idp\IDP_PROJECT\actions-runner\.runner_migrated
[2025-05-18 15:52:54Z INFO HostContext] Well known directory 'Bin': 'D:\facultate\idp\IDP_PROJECT\actions-runner\bin'
[2025-05-18 15:52:54Z INFO HostContext] Well known directory 'Root': 'D:\facultate\idp\IDP_PROJECT\actions-runner'
[2025-05-18 15:52:54Z INFO HostContext] Well known config file 'Credentials': 'D:\facultate\idp\IDP_PROJECT\actions-runner\.credentials'
[2025-05-18 15:52:54Z INFO ConfigurationStore] CredFilePath: D:\facultate\idp\IDP_PROJECT\actions-runner\.credentials
[2025-05-18 15:52:54Z INFO HostContext] Well known directory 'Bin': 'D:\facultate\idp\IDP_PROJECT\actions-runner\bin'
[2025-05-18 15:52:54Z INFO HostContext] Well known directory 'Root': 'D:\facultate\idp\IDP_PROJECT\actions-runner'
[2025-05-18 15:52:54Z INFO HostContext] Well known config file 'MigratedCredentials': 'D:\facultate\idp\IDP_PROJECT\actions-runner\.credentials_migrated'
[2025-05-18 15:52:54Z INFO ConfigurationStore] MigratedCredFilePath: D:\facultate\idp\IDP_PROJECT\actions-runner\.credentials_migrated
[2025-05-18 15:52:54Z INFO HostContext] Well known directory 'Bin': 'D:\facultate\idp\IDP_PROJECT\actions-runner\bin'
[2025-05-18 15:52:54Z INFO HostContext] Well known directory 'Root': 'D:\facultate\idp\IDP_PROJECT\actions-runner'
[2025-05-18 15:52:54Z INFO HostContext] Well known config file 'Service': 'D:\facultate\idp\IDP_PROJECT\actions-runner\.service'
[2025-05-18 15:52:54Z INFO ConfigurationStore] ServiceConfigFilePath: D:\facultate\idp\IDP_PROJECT\actions-runner\.service
[2025-05-18 15:52:54Z INFO ConfigurationStore] Read setting file: 303 chars
[2025-05-18 15:52:54Z INFO JobRunner] Initializing launch client
[2025-05-18 15:52:54Z INFO JobServerQueue] Initializing results client
[2025-05-18 15:52:54Z INFO ResultServer] Creating websocket client ...wss://results-receiver.actions.githubusercontent.com/_ws/ingest.sock
[2025-05-18 15:52:54Z INFO ResultServer] Attempting to start websocket client with delay 00:00:00.
[2025-05-18 15:52:54Z INFO JobServerQueue] Start process web console line queue.
[2025-05-18 15:52:54Z INFO JobServerQueue] Start process file upload queue.
[2025-05-18 15:52:54Z INFO JobServerQueue] Start results file upload queue.
[2025-05-18 15:52:54Z INFO JobServerQueue] Starting results-based upload queue...
[2025-05-18 15:52:54Z INFO JobServerQueue] Start process timeline update queue.
[2025-05-18 15:52:54Z INFO ExecutionContext] Initializing Job context
[2025-05-18 15:52:54Z INFO ExecutionContext] Initialize GitHub context
[2025-05-18 15:52:54Z INFO ExecutionContext] Initialize Env context
[2025-05-18 15:52:54Z INFO HostContext] Well known directory 'Bin': 'D:\facultate\idp\IDP_PROJECT\actions-runner\bin'
[2025-05-18 15:52:54Z INFO HostContext] Well known directory 'Root': 'D:\facultate\idp\IDP_PROJECT\actions-runner'
[2025-05-18 15:52:54Z INFO HostContext] Well known directory 'Diag': 'D:\facultate\idp\IDP_PROJECT\actions-runner\_diag'
[2025-05-18 15:52:54Z INFO HostContext] Well known directory 'Bin': 'D:\facultate\idp\IDP_PROJECT\actions-runner\bin'
[2025-05-18 15:52:54Z INFO HostContext] Well known directory 'Root': 'D:\facultate\idp\IDP_PROJECT\actions-runner'
[2025-05-18 15:52:54Z INFO HostContext] Well known directory 'Diag': 'D:\facultate\idp\IDP_PROJECT\actions-runner\_diag'
[2025-05-18 15:52:54Z INFO JobRunner] Starting the job execution context.
[2025-05-18 15:52:54Z INFO HostContext] Well known directory 'Bin': 'D:\facultate\idp\IDP_PROJECT\actions-runner\bin'
[2025-05-18 15:52:54Z INFO HostContext] Well known directory 'Root': 'D:\facultate\idp\IDP_PROJECT\actions-runner'
[2025-05-18 15:52:54Z INFO HostContext] Well known directory 'Work': 'D:\facultate\idp\IDP_PROJECT\actions-runner\_work'
[2025-05-18 15:52:54Z INFO JobRunner] Validating directory permissions for: 'D:\facultate\idp\IDP_PROJECT\actions-runner\_work'
[2025-05-18 15:52:54Z INFO HostContext] Well known directory 'Bin': 'D:\facultate\idp\IDP_PROJECT\actions-runner\bin'
[2025-05-18 15:52:54Z INFO HostContext] Well known directory 'Root': 'D:\facultate\idp\IDP_PROJECT\actions-runner'
[2025-05-18 15:52:54Z INFO HostContext] Well known directory 'Work': 'D:\facultate\idp\IDP_PROJECT\actions-runner\_work'
[2025-05-18 15:52:54Z INFO HostContext] Well known directory 'Tools': 'D:\facultate\idp\IDP_PROJECT\actions-runner\_work\_tool'
[2025-05-18 15:52:54Z INFO HostContext] Well known directory 'Bin': 'D:\facultate\idp\IDP_PROJECT\actions-runner\bin'
[2025-05-18 15:52:54Z INFO HostContext] Well known directory 'Root': 'D:\facultate\idp\IDP_PROJECT\actions-runner'
[2025-05-18 15:52:54Z INFO HostContext] Well known directory 'Work': 'D:\facultate\idp\IDP_PROJECT\actions-runner\_work'
[2025-05-18 15:52:54Z INFO HostContext] Well known directory 'Temp': 'D:\facultate\idp\IDP_PROJECT\actions-runner\_work\_temp'
[2025-05-18 15:52:54Z INFO JobRunner] Getting job extension.
[2025-05-18 15:52:54Z INFO JobRunner] Initialize job. Getting all job steps.
[2025-05-18 15:52:54Z INFO HostContext] Well known directory 'Bin': 'D:\facultate\idp\IDP_PROJECT\actions-runner\bin'
[2025-05-18 15:52:54Z INFO HostContext] Well known directory 'Root': 'D:\facultate\idp\IDP_PROJECT\actions-runner'
[2025-05-18 15:52:54Z INFO HostContext] Well known directory 'Diag': 'D:\facultate\idp\IDP_PROJECT\actions-runner\_diag'
[2025-05-18 15:52:54Z INFO HostContext] Well known directory 'Bin': 'D:\facultate\idp\IDP_PROJECT\actions-runner\bin'
[2025-05-18 15:52:54Z INFO HostContext] Well known directory 'Root': 'D:\facultate\idp\IDP_PROJECT\actions-runner'
[2025-05-18 15:52:54Z INFO HostContext] Well known directory 'Diag': 'D:\facultate\idp\IDP_PROJECT\actions-runner\_diag'
[2025-05-18 15:52:54Z INFO HostContext] Well known directory 'Bin': 'D:\facultate\idp\IDP_PROJECT\actions-runner\bin'
[2025-05-18 15:52:54Z INFO HostContext] Well known directory 'Root': 'D:\facultate\idp\IDP_PROJECT\actions-runner'
[2025-05-18 15:52:54Z INFO HostContext] Well known config file 'Credentials': 'D:\facultate\idp\IDP_PROJECT\actions-runner\.credentials'
[2025-05-18 15:52:54Z INFO HostContext] Well known directory 'Bin': 'D:\facultate\idp\IDP_PROJECT\actions-runner\bin'
[2025-05-18 15:52:54Z INFO HostContext] Well known directory 'Root': 'D:\facultate\idp\IDP_PROJECT\actions-runner'
[2025-05-18 15:52:54Z INFO HostContext] Well known config file 'SetupInfo': 'D:\facultate\idp\IDP_PROJECT\actions-runner\.setup_info'
[2025-05-18 15:52:54Z INFO HostContext] Well known directory 'Bin': 'D:\facultate\idp\IDP_PROJECT\actions-runner\bin'
[2025-05-18 15:52:54Z INFO HostContext] Well known directory 'Root': 'D:\facultate\idp\IDP_PROJECT\actions-runner'
[2025-05-18 15:52:54Z INFO HostContext] Well known directory 'Work': 'D:\facultate\idp\IDP_PROJECT\actions-runner\_work'
[2025-05-18 15:52:54Z INFO PipelineDirectoryManager] Loading tracking config if exists: D:\facultate\idp\IDP_PROJECT\actions-runner\_work\_PipelineMapping\ultracln/IDP_PROJECT\PipelineFolder.json
[2025-05-18 15:52:54Z INFO PipelineDirectoryManager] Updating job run properties.
[2025-05-18 15:52:54Z INFO HostContext] Well known directory 'Bin': 'D:\facultate\idp\IDP_PROJECT\actions-runner\bin'
[2025-05-18 15:52:54Z INFO HostContext] Well known directory 'Root': 'D:\facultate\idp\IDP_PROJECT\actions-runner'
[2025-05-18 15:52:54Z INFO HostContext] Well known directory 'Work': 'D:\facultate\idp\IDP_PROJECT\actions-runner\_work'
[2025-05-18 15:52:54Z INFO HostContext] Well known directory 'Bin': 'D:\facultate\idp\IDP_PROJECT\actions-runner\bin'
[2025-05-18 15:52:54Z INFO HostContext] Well known directory 'Root': 'D:\facultate\idp\IDP_PROJECT\actions-runner'
[2025-05-18 15:52:54Z INFO HostContext] Well known directory 'Work': 'D:\facultate\idp\IDP_PROJECT\actions-runner\_work'
[2025-05-18 15:52:54Z INFO HostContext] Well known directory 'Bin': 'D:\facultate\idp\IDP_PROJECT\actions-runner\bin'
[2025-05-18 15:52:54Z INFO HostContext] Well known directory 'Root': 'D:\facultate\idp\IDP_PROJECT\actions-runner'
[2025-05-18 15:52:54Z INFO HostContext] Well known directory 'Work': 'D:\facultate\idp\IDP_PROJECT\actions-runner\_work'
[2025-05-18 15:52:54Z INFO JobExtension] Downloading actions
[2025-05-18 15:52:54Z INFO HostContext] Well known directory 'Bin': 'D:\facultate\idp\IDP_PROJECT\actions-runner\bin'
[2025-05-18 15:52:54Z INFO HostContext] Well known directory 'Root': 'D:\facultate\idp\IDP_PROJECT\actions-runner'
[2025-05-18 15:52:54Z INFO HostContext] Well known directory 'Work': 'D:\facultate\idp\IDP_PROJECT\actions-runner\_work'
[2025-05-18 15:52:54Z INFO HostContext] Well known directory 'Actions': 'D:\facultate\idp\IDP_PROJECT\actions-runner\_work\_actions'
[2025-05-18 15:52:54Z INFO Worker] Listening for cancel message from the channel.
[2025-05-18 15:52:54Z INFO Worker] Waiting for the job to complete or for a cancel message from the channel.
[2025-05-18 15:52:55Z INFO ResultServer] Successfully started websocket client.
[2025-05-18 15:52:55Z INFO JobServerQueue] Try to append 1 batches web console lines for record 'df3aa23d-f1ca-465f-be5f-06b408bfeab7', success rate: 1/1.
[2025-05-18 15:52:55Z INFO HostContext] Well known directory 'Bin': 'D:\facultate\idp\IDP_PROJECT\actions-runner\bin'
[2025-05-18 15:52:55Z INFO HostContext] Well known directory 'Root': 'D:\facultate\idp\IDP_PROJECT\actions-runner'
[2025-05-18 15:52:55Z INFO HostContext] Well known directory 'Work': 'D:\facultate\idp\IDP_PROJECT\actions-runner\_work'
[2025-05-18 15:52:55Z INFO HostContext] Well known directory 'Actions': 'D:\facultate\idp\IDP_PROJECT\actions-runner\_work\_actions'
[2025-05-18 15:52:55Z INFO HostContext] Well known directory 'Bin': 'D:\facultate\idp\IDP_PROJECT\actions-runner\bin'
[2025-05-18 15:52:55Z INFO HostContext] Well known directory 'Root': 'D:\facultate\idp\IDP_PROJECT\actions-runner'
[2025-05-18 15:52:55Z INFO HostContext] Well known directory 'Work': 'D:\facultate\idp\IDP_PROJECT\actions-runner\_work'
[2025-05-18 15:52:55Z INFO HostContext] Well known directory 'Actions': 'D:\facultate\idp\IDP_PROJECT\actions-runner\_work\_actions'
[2025-05-18 15:52:55Z INFO ActionManager] Save archive 'https://api.github.com/repos/actions/checkout/zipball/f43a0e5ff2bd294095638e18286ca9a3d1956744' into D:\facultate\idp\IDP_PROJECT\actions-runner\_work\_actions\_temp_01635171-6b86-43f1-8368-4e5f80e69e78\1e83cef0-1c4f-4dad-bbfa-1a0d439cc0ce.zip.
[2025-05-18 15:52:55Z INFO JobServerQueue] Job timeline record has been updated for the first time.
[2025-05-18 15:52:55Z INFO JobServerQueue] Try to append 1 batches web console lines for record 'df3aa23d-f1ca-465f-be5f-06b408bfeab7', success rate: 1/1.
[2025-05-18 15:52:56Z INFO ActionManager] Request URL: https://api.github.com/repos/actions/checkout/zipball/f43a0e5ff2bd294095638e18286ca9a3d1956744 X-GitHub-Request-Id: FB8D:24DDBE:1EFD04:2C251C:682A0257 Http Status: OK
[2025-05-18 15:52:56Z INFO ActionManager] Finished getting action repository.
[2025-05-18 15:52:56Z INFO HostContext] Well known directory 'Bin': 'D:\facultate\idp\IDP_PROJECT\actions-runner\bin'
[2025-05-18 15:52:56Z INFO HostContext] Well known directory 'Root': 'D:\facultate\idp\IDP_PROJECT\actions-runner'
[2025-05-18 15:52:56Z INFO HostContext] Well known directory 'Work': 'D:\facultate\idp\IDP_PROJECT\actions-runner\_work'
[2025-05-18 15:52:56Z INFO HostContext] Well known directory 'Actions': 'D:\facultate\idp\IDP_PROJECT\actions-runner\_work\_actions'
[2025-05-18 15:52:56Z INFO ActionManifestManager] Load schema file with definitions: [
  "null",
  "boolean",
  "number",
  "string",
  "sequence",
  "mapping",
  "any",
  "action-root",
  "inputs",
  "input",
  "outputs",
  "output-definition",
  "runs",
  "container-runs",
  "container-runs-args",
  "container-runs-env",
  "node-runs",
  "plugin-runs",
  "composite-runs",
  "composite-steps",
  "composite-step",
  "run-step",
  "uses-step",
  "container-runs-context",
  "output-value",
  "input-default-context",
  "non-empty-string",
  "string-steps-context",
  "boolean-steps-context",
  "step-env",
  "step-if",
  "step-with"
]
[2025-05-18 15:52:56Z INFO HostContext] Well known directory 'Bin': 'D:\facultate\idp\IDP_PROJECT\actions-runner\bin'
[2025-05-18 15:52:56Z INFO HostContext] Well known directory 'Root': 'D:\facultate\idp\IDP_PROJECT\actions-runner'
[2025-05-18 15:52:56Z INFO HostContext] Well known directory 'Work': 'D:\facultate\idp\IDP_PROJECT\actions-runner\_work'
[2025-05-18 15:52:56Z INFO HostContext] Well known directory 'Actions': 'D:\facultate\idp\IDP_PROJECT\actions-runner\_work\_actions'
[2025-05-18 15:52:56Z INFO ActionManifestManager] Loaded action.yml file: {
  "name": "Checkout",
  "description": "Checkout a Git repository at a particular version",
  "inputs": {
    "type": 2,
    "map": [
      {
        "key": {
          "type": 0,
          "file": 2,
          "line": 4,
          "col": 3,
          "lit": "repository"
        },
        "value": {
          "type": 3,
          "file": 2,
          "line": 6,
          "col": 14,
          "expr": "github.repository"
        }
      },
      {
        "key": {
          "type": 0,
          "file": 2,
          "line": 7,
          "col": 3,
          "lit": "ref"
        },
        "value": ""
      },
      {
        "key": {
          "type": 0,
          "file": 2,
          "line": 12,
          "col": 3,
          "lit": "token"
        },
        "value": {
          "type": 3,
          "file": 2,
          "line": 24,
          "col": 14,
          "expr": "github.token"
        }
      },
      {
        "key": {
          "type": 0,
          "file": 2,
          "line": 25,
          "col": 3,
          "lit": "ssh-key"
        },
        "value": ""
      },
      {
        "key": {
          "type": 0,
          "file": 2,
          "line": 37,
          "col": 3,
          "lit": "ssh-known-hosts"
        },
        "value": ""
      },
      {
        "key": {
          "type": 0,
          "file": 2,
          "line": 42,
          "col": 3,
          "lit": "ssh-strict"
        },
        "value": {
          "type": 0,
          "file": 2,
          "line": 47,
          "col": 14,
          "lit": "true"
        }
      },
      {
        "key": {
          "type": 0,
          "file": 2,
          "line": 48,
          "col": 3,
          "lit": "persist-credentials"
        },
        "value": {
          "type": 0,
          "file": 2,
          "line": 50,
          "col": 14,
          "lit": "true"
        }
      },
      {
        "key": {
          "type": 0,
          "file": 2,
          "line": 51,
          "col": 3,
          "lit": "path"
        },
        "value": ""
      },
      {
        "key": {
          "type": 0,
          "file": 2,
          "line": 53,
          "col": 3,
          "lit": "clean"
        },
        "value": {
          "type": 0,
          "file": 2,
          "line": 55,
          "col": 14,
          "lit": "true"
        }
      },
      {
        "key": {
          "type": 0,
          "file": 2,
          "line": 56,
          "col": 3,
          "lit": "sparse-checkout"
        },
        "value": {
          "type": 0,
          "file": 2,
          "line": 60,
          "col": 14,
          "lit": ""
        }
      },
      {
        "key": {
          "type": 0,
          "file": 2,
          "line": 61,
          "col": 3,
          "lit": "sparse-checkout-cone-mode"
        },
        "value": {
          "type": 0,
          "file": 2,
          "line": 64,
          "col": 14,
          "lit": "true"
        }
      },
      {
        "key": {
          "type": 0,
          "file": 2,
          "line": 65,
          "col": 3,
          "lit": "fetch-depth"
        },
        "value": {
          "type": 0,
          "file": 2,
          "line": 67,
          "col": 14,
          "lit": "1"
        }
      },
      {
        "key": {
          "type": 0,
          "file": 2,
          "line": 68,
          "col": 3,
          "lit": "fetch-tags"
        },
        "value": {
          "type": 0,
          "file": 2,
          "line": 70,
          "col": 14,
          "lit": "false"
        }
      },
      {
        "key": {
          "type": 0,
          "file": 2,
          "line": 71,
          "col": 3,
          "lit": "lfs"
        },
        "value": {
          "type": 0,
          "file": 2,
          "line": 73,
          "col": 14,
          "lit": "false"
        }
      },
      {
        "key": {
          "type": 0,
          "file": 2,
          "line": 74,
          "col": 3,
          "lit": "submodules"
        },
        "value": {
          "type": 0,
          "file": 2,
          "line": 82,
          "col": 14,
          "lit": "false"
        }
      },
      {
        "key": {
          "type": 0,
          "file": 2,
          "line": 83,
          "col": 3,
          "lit": "set-safe-directory"
        },
        "value": {
          "type": 0,
          "file": 2,
          "line": 85,
          "col": 14,
          "lit": "true"
        }
      },
      {
        "key": {
          "type": 0,
          "file": 2,
          "line": 86,
          "col": 3,
          "lit": "github-server-url"
        },
        "value": ""
      }
    ]
  },
  "execution": {
    "executionType": "nodeJS",
    "hasPre": false,
    "hasPost": true,
    "script": "dist/index.js",
    "pre": null,
    "post": "dist/index.js",
    "nodeVersion": "node16",
    "cleanupCondition": "always()",
    "initCondition": "always()"
  },
  "deprecated": null
}
[2025-05-18 15:52:56Z INFO ActionManager] Action node.js file: dist/index.js, no more preparation.
[2025-05-18 15:52:56Z INFO HostContext] Well known directory 'Bin': 'D:\facultate\idp\IDP_PROJECT\actions-runner\bin'
[2025-05-18 15:52:56Z INFO HostContext] Well known directory 'Root': 'D:\facultate\idp\IDP_PROJECT\actions-runner'
[2025-05-18 15:52:56Z INFO HostContext] Well known directory 'Work': 'D:\facultate\idp\IDP_PROJECT\actions-runner\_work'
[2025-05-18 15:52:56Z INFO HostContext] Well known directory 'Actions': 'D:\facultate\idp\IDP_PROJECT\actions-runner\_work\_actions'
[2025-05-18 15:52:56Z INFO ActionManager] Load action that reference repository from 'D:\facultate\idp\IDP_PROJECT\actions-runner\_work\_actions\actions\checkout\v3'
[2025-05-18 15:52:56Z INFO HostContext] Well known directory 'Bin': 'D:\facultate\idp\IDP_PROJECT\actions-runner\bin'
[2025-05-18 15:52:56Z INFO HostContext] Well known directory 'Root': 'D:\facultate\idp\IDP_PROJECT\actions-runner'
[2025-05-18 15:52:56Z INFO HostContext] Well known directory 'Work': 'D:\facultate\idp\IDP_PROJECT\actions-runner\_work'
[2025-05-18 15:52:56Z INFO HostContext] Well known directory 'Actions': 'D:\facultate\idp\IDP_PROJECT\actions-runner\_work\_actions'
[2025-05-18 15:52:56Z INFO ActionManifestManager] Loaded action.yml file: {
  "name": "Checkout",
  "description": "Checkout a Git repository at a particular version",
  "inputs": {
    "type": 2,
    "map": [
      {
        "key": {
          "type": 0,
          "file": 2,
          "line": 4,
          "col": 3,
          "lit": "repository"
        },
        "value": {
          "type": 3,
          "file": 2,
          "line": 6,
          "col": 14,
          "expr": "github.repository"
        }
      },
      {
        "key": {
          "type": 0,
          "file": 2,
          "line": 7,
          "col": 3,
          "lit": "ref"
        },
        "value": ""
      },
      {
        "key": {
          "type": 0,
          "file": 2,
          "line": 12,
          "col": 3,
          "lit": "token"
        },
        "value": {
          "type": 3,
          "file": 2,
          "line": 24,
          "col": 14,
          "expr": "github.token"
        }
      },
      {
        "key": {
          "type": 0,
          "file": 2,
          "line": 25,
          "col": 3,
          "lit": "ssh-key"
        },
        "value": ""
      },
      {
        "key": {
          "type": 0,
          "file": 2,
          "line": 37,
          "col": 3,
          "lit": "ssh-known-hosts"
        },
        "value": ""
      },
      {
        "key": {
          "type": 0,
          "file": 2,
          "line": 42,
          "col": 3,
          "lit": "ssh-strict"
        },
        "value": {
          "type": 0,
          "file": 2,
          "line": 47,
          "col": 14,
          "lit": "true"
        }
      },
      {
        "key": {
          "type": 0,
          "file": 2,
          "line": 48,
          "col": 3,
          "lit": "persist-credentials"
        },
        "value": {
          "type": 0,
          "file": 2,
          "line": 50,
          "col": 14,
          "lit": "true"
        }
      },
      {
        "key": {
          "type": 0,
          "file": 2,
          "line": 51,
          "col": 3,
          "lit": "path"
        },
        "value": ""
      },
      {
        "key": {
          "type": 0,
          "file": 2,
          "line": 53,
          "col": 3,
          "lit": "clean"
        },
        "value": {
          "type": 0,
          "file": 2,
          "line": 55,
          "col": 14,
          "lit": "true"
        }
      },
      {
        "key": {
          "type": 0,
          "file": 2,
          "line": 56,
          "col": 3,
          "lit": "sparse-checkout"
        },
        "value": {
          "type": 0,
          "file": 2,
          "line": 60,
          "col": 14,
          "lit": ""
        }
      },
      {
        "key": {
          "type": 0,
          "file": 2,
          "line": 61,
          "col": 3,
          "lit": "sparse-checkout-cone-mode"
        },
        "value": {
          "type": 0,
          "file": 2,
          "line": 64,
          "col": 14,
          "lit": "true"
        }
      },
      {
        "key": {
          "type": 0,
          "file": 2,
          "line": 65,
          "col": 3,
          "lit": "fetch-depth"
        },
        "value": {
          "type": 0,
          "file": 2,
          "line": 67,
          "col": 14,
          "lit": "1"
        }
      },
      {
        "key": {
          "type": 0,
          "file": 2,
          "line": 68,
          "col": 3,
          "lit": "fetch-tags"
        },
        "value": {
          "type": 0,
          "file": 2,
          "line": 70,
          "col": 14,
          "lit": "false"
        }
      },
      {
        "key": {
          "type": 0,
          "file": 2,
          "line": 71,
          "col": 3,
          "lit": "lfs"
        },
        "value": {
          "type": 0,
          "file": 2,
          "line": 73,
          "col": 14,
          "lit": "false"
        }
      },
      {
        "key": {
          "type": 0,
          "file": 2,
          "line": 74,
          "col": 3,
          "lit": "submodules"
        },
        "value": {
          "type": 0,
          "file": 2,
          "line": 82,
          "col": 14,
          "lit": "false"
        }
      },
      {
        "key": {
          "type": 0,
          "file": 2,
          "line": 83,
          "col": 3,
          "lit": "set-safe-directory"
        },
        "value": {
          "type": 0,
          "file": 2,
          "line": 85,
          "col": 14,
          "lit": "true"
        }
      },
      {
        "key": {
          "type": 0,
          "file": 2,
          "line": 86,
          "col": 3,
          "lit": "github-server-url"
        },
        "value": ""
      }
    ]
  },
  "execution": {
    "executionType": "nodeJS",
    "hasPre": false,
    "hasPost": true,
    "script": "dist/index.js",
    "pre": null,
    "post": "dist/index.js",
    "nodeVersion": "node16",
    "cleanupCondition": "always()",
    "initCondition": "always()"
  },
  "deprecated": null
}
[2025-05-18 15:52:56Z INFO ActionManager] Action pre node.js file: N/A.
[2025-05-18 15:52:56Z INFO ActionManager] Action node.js file: dist/index.js.
[2025-05-18 15:52:56Z INFO ActionManager] Action post node.js file: dist/index.js.
[2025-05-18 15:52:56Z INFO JobExtension] Adding .
[2025-05-18 15:52:56Z INFO JobExtension] Adding .
[2025-05-18 15:52:56Z INFO HostContext] Well known directory 'Bin': 'D:\facultate\idp\IDP_PROJECT\actions-runner\bin'
[2025-05-18 15:52:56Z INFO HostContext] Well known directory 'Root': 'D:\facultate\idp\IDP_PROJECT\actions-runner'
[2025-05-18 15:52:56Z INFO HostContext] Well known directory 'Diag': 'D:\facultate\idp\IDP_PROJECT\actions-runner\_diag'
[2025-05-18 15:52:56Z INFO HostContext] Well known directory 'Bin': 'D:\facultate\idp\IDP_PROJECT\actions-runner\bin'
[2025-05-18 15:52:56Z INFO HostContext] Well known directory 'Root': 'D:\facultate\idp\IDP_PROJECT\actions-runner'
[2025-05-18 15:52:56Z INFO HostContext] Well known directory 'Diag': 'D:\facultate\idp\IDP_PROJECT\actions-runner\_diag'
[2025-05-18 15:52:56Z INFO HostContext] Well known directory 'Bin': 'D:\facultate\idp\IDP_PROJECT\actions-runner\bin'
[2025-05-18 15:52:56Z INFO HostContext] Well known directory 'Root': 'D:\facultate\idp\IDP_PROJECT\actions-runner'
[2025-05-18 15:52:56Z INFO HostContext] Well known directory 'Diag': 'D:\facultate\idp\IDP_PROJECT\actions-runner\_diag'
[2025-05-18 15:52:56Z INFO HostContext] Well known directory 'Bin': 'D:\facultate\idp\IDP_PROJECT\actions-runner\bin'
[2025-05-18 15:52:56Z INFO HostContext] Well known directory 'Root': 'D:\facultate\idp\IDP_PROJECT\actions-runner'
[2025-05-18 15:52:56Z INFO HostContext] Well known directory 'Diag': 'D:\facultate\idp\IDP_PROJECT\actions-runner\_diag'
[2025-05-18 15:52:56Z INFO JobExtension] Total accessible running process: 405.
[2025-05-18 15:52:56Z INFO HostContext] Well known directory 'Bin': 'D:\facultate\idp\IDP_PROJECT\actions-runner\bin'
[2025-05-18 15:52:56Z INFO HostContext] Well known directory 'Root': 'D:\facultate\idp\IDP_PROJECT\actions-runner'
[2025-05-18 15:52:56Z INFO HostContext] Well known directory 'Work': 'D:\facultate\idp\IDP_PROJECT\actions-runner\_work'
[2025-05-18 15:52:56Z INFO JobExtension] Start checking service connectivity in background.
[2025-05-18 15:52:56Z INFO ExecutionContext] Publish step telemetry for current step {
  "action": "setup_job",
  "type": "runner",
  "stage": "Pre",
  "stepId": "df3aa23d-f1ca-465f-be5f-06b408bfeab7",
  "result": "succeeded",
  "errorMessages": [],
  "executionTimeInSeconds": 2,
  "startTime": "2025-05-18T15:52:54.6557763Z",
  "finishTime": "2025-05-18T15:52:56.5369175Z"
}.
[2025-05-18 15:52:56Z INFO JobRunner] Total job steps: 2.
[2025-05-18 15:52:56Z INFO JobRunner] Run all job steps.
[2025-05-18 15:52:56Z INFO StepsRunner] Processing step: DisplayName='Checkout code'
[2025-05-18 15:52:56Z INFO StepsRunner] Evaluating: success()
[2025-05-18 15:52:56Z INFO StepsRunner] Result: true
[2025-05-18 15:52:56Z INFO StepsRunner] Starting the step.
[2025-05-18 15:52:56Z INFO HostContext] Well known directory 'Bin': 'D:\facultate\idp\IDP_PROJECT\actions-runner\bin'
[2025-05-18 15:52:56Z INFO HostContext] Well known directory 'Root': 'D:\facultate\idp\IDP_PROJECT\actions-runner'
[2025-05-18 15:52:56Z INFO HostContext] Well known directory 'Work': 'D:\facultate\idp\IDP_PROJECT\actions-runner\_work'
[2025-05-18 15:52:56Z INFO StepsRunner] Which2: 'chcp'
[2025-05-18 15:52:56Z INFO StepsRunner] Location: 'C:\WINDOWS\system32\chcp.COM'
[2025-05-18 15:52:56Z INFO ProcessInvokerWrapper] Starting process:
[2025-05-18 15:52:56Z INFO ProcessInvokerWrapper]   File name: 'C:\WINDOWS\system32\chcp.COM'
[2025-05-18 15:52:56Z INFO ProcessInvokerWrapper]   Arguments: '65001'
[2025-05-18 15:52:56Z INFO ProcessInvokerWrapper]   Working directory: 'D:\facultate\idp\IDP_PROJECT\actions-runner\_work'
[2025-05-18 15:52:56Z INFO ProcessInvokerWrapper]   Require exit code zero: 'False'
[2025-05-18 15:52:56Z INFO ProcessInvokerWrapper]   Encoding web name:  ; code page: ''
[2025-05-18 15:52:56Z INFO ProcessInvokerWrapper]   Force kill process on cancellation: 'False'
[2025-05-18 15:52:56Z INFO ProcessInvokerWrapper]   Redirected STDIN: 'False'
[2025-05-18 15:52:56Z INFO ProcessInvokerWrapper]   Persist current code page: 'True'
[2025-05-18 15:52:56Z INFO ProcessInvokerWrapper]   Keep redirected STDIN open: 'False'
[2025-05-18 15:52:56Z INFO ProcessInvokerWrapper]   High priority process: 'False'
[2025-05-18 15:52:56Z INFO ProcessInvokerWrapper] Process started with process id 17828, waiting for process exit.
[2025-05-18 15:52:56Z INFO ProcessInvokerWrapper] STDOUT/STDERR stream read finished.
[2025-05-18 15:52:56Z INFO ProcessInvokerWrapper] STDOUT/STDERR stream read finished.
[2025-05-18 15:52:56Z INFO ProcessInvokerWrapper] Finished process 17828 with exit code 0, and elapsed time 00:00:00.0077252.
[2025-05-18 15:52:56Z INFO StepsRunner] Successfully returned to code page 65001 (UTF8)
[2025-05-18 15:52:56Z INFO HostContext] Well known directory 'Bin': 'D:\facultate\idp\IDP_PROJECT\actions-runner\bin'
[2025-05-18 15:52:56Z INFO HostContext] Well known directory 'Root': 'D:\facultate\idp\IDP_PROJECT\actions-runner'
[2025-05-18 15:52:56Z INFO HostContext] Well known directory 'Work': 'D:\facultate\idp\IDP_PROJECT\actions-runner\_work'
[2025-05-18 15:52:56Z INFO HostContext] Well known directory 'Actions': 'D:\facultate\idp\IDP_PROJECT\actions-runner\_work\_actions'
[2025-05-18 15:52:56Z INFO ActionManager] Load action that reference repository from 'D:\facultate\idp\IDP_PROJECT\actions-runner\_work\_actions\actions\checkout\v3'
[2025-05-18 15:52:56Z INFO HostContext] Well known directory 'Bin': 'D:\facultate\idp\IDP_PROJECT\actions-runner\bin'
[2025-05-18 15:52:56Z INFO HostContext] Well known directory 'Root': 'D:\facultate\idp\IDP_PROJECT\actions-runner'
[2025-05-18 15:52:56Z INFO HostContext] Well known directory 'Work': 'D:\facultate\idp\IDP_PROJECT\actions-runner\_work'
[2025-05-18 15:52:56Z INFO HostContext] Well known directory 'Actions': 'D:\facultate\idp\IDP_PROJECT\actions-runner\_work\_actions'
[2025-05-18 15:52:56Z INFO JobServerQueue] Try to append 1 batches web console lines for record 'df3aa23d-f1ca-465f-be5f-06b408bfeab7', success rate: 1/1.
[2025-05-18 15:52:56Z INFO ActionManifestManager] Loaded action.yml file: {
  "name": "Checkout",
  "description": "Checkout a Git repository at a particular version",
  "inputs": {
    "type": 2,
    "map": [
      {
        "key": {
          "type": 0,
          "file": 2,
          "line": 4,
          "col": 3,
          "lit": "repository"
        },
        "value": {
          "type": 3,
          "file": 2,
          "line": 6,
          "col": 14,
          "expr": "github.repository"
        }
      },
      {
        "key": {
          "type": 0,
          "file": 2,
          "line": 7,
          "col": 3,
          "lit": "ref"
        },
        "value": ""
      },
      {
        "key": {
          "type": 0,
          "file": 2,
          "line": 12,
          "col": 3,
          "lit": "token"
        },
        "value": {
          "type": 3,
          "file": 2,
          "line": 24,
          "col": 14,
          "expr": "github.token"
        }
      },
      {
        "key": {
          "type": 0,
          "file": 2,
          "line": 25,
          "col": 3,
          "lit": "ssh-key"
        },
        "value": ""
      },
      {
        "key": {
          "type": 0,
          "file": 2,
          "line": 37,
          "col": 3,
          "lit": "ssh-known-hosts"
        },
        "value": ""
      },
      {
        "key": {
          "type": 0,
          "file": 2,
          "line": 42,
          "col": 3,
          "lit": "ssh-strict"
        },
        "value": {
          "type": 0,
          "file": 2,
          "line": 47,
          "col": 14,
          "lit": "true"
        }
      },
      {
        "key": {
          "type": 0,
          "file": 2,
          "line": 48,
          "col": 3,
          "lit": "persist-credentials"
        },
        "value": {
          "type": 0,
          "file": 2,
          "line": 50,
          "col": 14,
          "lit": "true"
        }
      },
      {
        "key": {
          "type": 0,
          "file": 2,
          "line": 51,
          "col": 3,
          "lit": "path"
        },
        "value": ""
      },
      {
        "key": {
          "type": 0,
          "file": 2,
          "line": 53,
          "col": 3,
          "lit": "clean"
        },
        "value": {
          "type": 0,
          "file": 2,
          "line": 55,
          "col": 14,
          "lit": "true"
        }
      },
      {
        "key": {
          "type": 0,
          "file": 2,
          "line": 56,
          "col": 3,
          "lit": "sparse-checkout"
        },
        "value": {
          "type": 0,
          "file": 2,
          "line": 60,
          "col": 14,
          "lit": ""
        }
      },
      {
        "key": {
          "type": 0,
          "file": 2,
          "line": 61,
          "col": 3,
          "lit": "sparse-checkout-cone-mode"
        },
        "value": {
          "type": 0,
          "file": 2,
          "line": 64,
          "col": 14,
          "lit": "true"
        }
      },
      {
        "key": {
          "type": 0,
          "file": 2,
          "line": 65,
          "col": 3,
          "lit": "fetch-depth"
        },
        "value": {
          "type": 0,
          "file": 2,
          "line": 67,
          "col": 14,
          "lit": "1"
        }
      },
      {
        "key": {
          "type": 0,
          "file": 2,
          "line": 68,
          "col": 3,
          "lit": "fetch-tags"
        },
        "value": {
          "type": 0,
          "file": 2,
          "line": 70,
          "col": 14,
          "lit": "false"
        }
      },
      {
        "key": {
          "type": 0,
          "file": 2,
          "line": 71,
          "col": 3,
          "lit": "lfs"
        },
        "value": {
          "type": 0,
          "file": 2,
          "line": 73,
          "col": 14,
          "lit": "false"
        }
      },
      {
        "key": {
          "type": 0,
          "file": 2,
          "line": 74,
          "col": 3,
          "lit": "submodules"
        },
        "value": {
          "type": 0,
          "file": 2,
          "line": 82,
          "col": 14,
          "lit": "false"
        }
      },
      {
        "key": {
          "type": 0,
          "file": 2,
          "line": 83,
          "col": 3,
          "lit": "set-safe-directory"
        },
        "value": {
          "type": 0,
          "file": 2,
          "line": 85,
          "col": 14,
          "lit": "true"
        }
      },
      {
        "key": {
          "type": 0,
          "file": 2,
          "line": 86,
          "col": 3,
          "lit": "github-server-url"
        },
        "value": ""
      }
    ]
  },
  "execution": {
    "executionType": "nodeJS",
    "hasPre": false,
    "hasPost": true,
    "script": "dist/index.js",
    "pre": null,
    "post": "dist/index.js",
    "nodeVersion": "node16",
    "cleanupCondition": "always()",
    "initCondition": "always()"
  },
  "deprecated": null
}
[2025-05-18 15:52:56Z INFO ActionManager] Action pre node.js file: N/A.
[2025-05-18 15:52:56Z INFO ActionManager] Action node.js file: dist/index.js.
[2025-05-18 15:52:56Z INFO ActionManager] Action post node.js file: dist/index.js.
[2025-05-18 15:52:56Z INFO ExecutionContext] Reserve record order 4 to 6 for post job actions.
[2025-05-18 15:52:56Z INFO HostContext] Well known directory 'Bin': 'D:\facultate\idp\IDP_PROJECT\actions-runner\bin'
[2025-05-18 15:52:56Z INFO HostContext] Well known directory 'Root': 'D:\facultate\idp\IDP_PROJECT\actions-runner'
[2025-05-18 15:52:56Z INFO HostContext] Well known directory 'Diag': 'D:\facultate\idp\IDP_PROJECT\actions-runner\_diag'
[2025-05-18 15:52:56Z INFO HostContext] Well known directory 'Bin': 'D:\facultate\idp\IDP_PROJECT\actions-runner\bin'
[2025-05-18 15:52:56Z INFO HostContext] Well known directory 'Root': 'D:\facultate\idp\IDP_PROJECT\actions-runner'
[2025-05-18 15:52:56Z INFO HostContext] Well known directory 'Diag': 'D:\facultate\idp\IDP_PROJECT\actions-runner\_diag'
[2025-05-18 15:52:56Z INFO HostContext] Well known directory 'Bin': 'D:\facultate\idp\IDP_PROJECT\actions-runner\bin'
[2025-05-18 15:52:56Z INFO HostContext] Well known directory 'Root': 'D:\facultate\idp\IDP_PROJECT\actions-runner'
[2025-05-18 15:52:56Z INFO HostContext] Well known directory 'Work': 'D:\facultate\idp\IDP_PROJECT\actions-runner\_work'
[2025-05-18 15:52:56Z INFO HostContext] Well known directory 'Temp': 'D:\facultate\idp\IDP_PROJECT\actions-runner\_work\_temp'
[2025-05-18 15:52:56Z INFO ExecutionContext] Write event payload to D:\facultate\idp\IDP_PROJECT\actions-runner\_work\_temp\_github_workflow\event.json
[2025-05-18 15:52:56Z INFO HostContext] Well known directory 'Bin': 'D:\facultate\idp\IDP_PROJECT\actions-runner\bin'
[2025-05-18 15:52:56Z INFO HostContext] Well known directory 'Root': 'D:\facultate\idp\IDP_PROJECT\actions-runner'
[2025-05-18 15:52:56Z INFO HostContext] Well known directory 'Work': 'D:\facultate\idp\IDP_PROJECT\actions-runner\_work'
[2025-05-18 15:52:56Z INFO HostContext] Well known directory 'Temp': 'D:\facultate\idp\IDP_PROJECT\actions-runner\_work\_temp'
[2025-05-18 15:52:56Z INFO ExtensionManager] Getting extensions for interface: 'GitHub.Runner.Worker.IFileCommandExtension'
[2025-05-18 15:52:56Z INFO ExtensionManager] Creating instance: GitHub.Runner.Worker.AddPathFileCommand, Runner.Worker
[2025-05-18 15:52:56Z INFO ExtensionManager] Creating instance: GitHub.Runner.Worker.SetEnvFileCommand, Runner.Worker
[2025-05-18 15:52:56Z INFO ExtensionManager] Creating instance: GitHub.Runner.Worker.CreateStepSummaryCommand, Runner.Worker
[2025-05-18 15:52:56Z INFO ExtensionManager] Creating instance: GitHub.Runner.Worker.SaveStateFileCommand, Runner.Worker
[2025-05-18 15:52:56Z INFO ExtensionManager] Creating instance: GitHub.Runner.Worker.SetOutputFileCommand, Runner.Worker
[2025-05-18 15:52:56Z INFO ActionManifestManager] Input 'repository': default value evaluate result: {
  "type": 0,
  "file": 2,
  "line": 6,
  "col": 14,
  "lit": "ultracln/IDP_PROJECT"
}
[2025-05-18 15:52:56Z INFO ActionManifestManager] Input 'ref': default value evaluate result: ""
[2025-05-18 15:52:56Z INFO ActionManifestManager] Input 'token': default value evaluate result: {
  "type": 0,
  "file": 2,
  "line": 24,
  "col": 14,
  "lit": "***"
}
[2025-05-18 15:52:56Z INFO ActionManifestManager] Input 'ssh-key': default value evaluate result: ""
[2025-05-18 15:52:56Z INFO ActionManifestManager] Input 'ssh-known-hosts': default value evaluate result: ""
[2025-05-18 15:52:56Z INFO ActionManifestManager] Input 'ssh-strict': default value evaluate result: {
  "type": 0,
  "file": 2,
  "line": 47,
  "col": 14,
  "lit": "true"
}
[2025-05-18 15:52:56Z INFO ActionManifestManager] Input 'persist-credentials': default value evaluate result: {
  "type": 0,
  "file": 2,
  "line": 50,
  "col": 14,
  "lit": "true"
}
[2025-05-18 15:52:56Z INFO ActionManifestManager] Input 'path': default value evaluate result: ""
[2025-05-18 15:52:56Z INFO ActionManifestManager] Input 'clean': default value evaluate result: {
  "type": 0,
  "file": 2,
  "line": 55,
  "col": 14,
  "lit": "true"
}
[2025-05-18 15:52:56Z INFO ActionManifestManager] Input 'sparse-checkout': default value evaluate result: {
  "type": 0,
  "file": 2,
  "line": 60,
  "col": 14,
  "lit": ""
}
[2025-05-18 15:52:56Z INFO ActionManifestManager] Input 'sparse-checkout-cone-mode': default value evaluate result: {
  "type": 0,
  "file": 2,
  "line": 64,
  "col": 14,
  "lit": "true"
}
[2025-05-18 15:52:56Z INFO ActionManifestManager] Input 'fetch-depth': default value evaluate result: {
  "type": 0,
  "file": 2,
  "line": 67,
  "col": 14,
  "lit": "1"
}
[2025-05-18 15:52:56Z INFO ActionManifestManager] Input 'fetch-tags': default value evaluate result: {
  "type": 0,
  "file": 2,
  "line": 70,
  "col": 14,
  "lit": "false"
}
[2025-05-18 15:52:56Z INFO ActionManifestManager] Input 'lfs': default value evaluate result: {
  "type": 0,
  "file": 2,
  "line": 73,
  "col": 14,
  "lit": "false"
}
[2025-05-18 15:52:56Z INFO ActionManifestManager] Input 'submodules': default value evaluate result: {
  "type": 0,
  "file": 2,
  "line": 82,
  "col": 14,
  "lit": "false"
}
[2025-05-18 15:52:56Z INFO ActionManifestManager] Input 'set-safe-directory': default value evaluate result: {
  "type": 0,
  "file": 2,
  "line": 85,
  "col": 14,
  "lit": "true"
}
[2025-05-18 15:52:56Z INFO ActionManifestManager] Input 'github-server-url': default value evaluate result: ""
[2025-05-18 15:52:56Z INFO ExtensionManager] Getting extensions for interface: 'GitHub.Runner.Worker.IActionCommandExtension'
[2025-05-18 15:52:56Z INFO ExtensionManager] Creating instance: GitHub.Runner.Worker.InternalPluginSetRepoPathCommandExtension, Runner.Worker
[2025-05-18 15:52:56Z INFO ExtensionManager] Creating instance: GitHub.Runner.Worker.SetEnvCommandExtension, Runner.Worker
[2025-05-18 15:52:56Z INFO ExtensionManager] Creating instance: GitHub.Runner.Worker.SetOutputCommandExtension, Runner.Worker
[2025-05-18 15:52:56Z INFO ExtensionManager] Creating instance: GitHub.Runner.Worker.SaveStateCommandExtension, Runner.Worker
[2025-05-18 15:52:56Z INFO ExtensionManager] Creating instance: GitHub.Runner.Worker.AddPathCommandExtension, Runner.Worker
[2025-05-18 15:52:56Z INFO ExtensionManager] Creating instance: GitHub.Runner.Worker.AddMaskCommandExtension, Runner.Worker
[2025-05-18 15:52:56Z INFO ExtensionManager] Creating instance: GitHub.Runner.Worker.AddMatcherCommandExtension, Runner.Worker
[2025-05-18 15:52:56Z INFO ExtensionManager] Creating instance: GitHub.Runner.Worker.RemoveMatcherCommandExtension, Runner.Worker
[2025-05-18 15:52:56Z INFO ExtensionManager] Creating instance: GitHub.Runner.Worker.WarningCommandExtension, Runner.Worker
[2025-05-18 15:52:56Z INFO ExtensionManager] Creating instance: GitHub.Runner.Worker.ErrorCommandExtension, Runner.Worker
[2025-05-18 15:52:56Z INFO ExtensionManager] Creating instance: GitHub.Runner.Worker.NoticeCommandExtension, Runner.Worker
[2025-05-18 15:52:56Z INFO ExtensionManager] Creating instance: GitHub.Runner.Worker.DebugCommandExtension, Runner.Worker
[2025-05-18 15:52:56Z INFO ExtensionManager] Creating instance: GitHub.Runner.Worker.GroupCommandExtension, Runner.Worker
[2025-05-18 15:52:56Z INFO ExtensionManager] Creating instance: GitHub.Runner.Worker.EndGroupCommandExtension, Runner.Worker
[2025-05-18 15:52:56Z INFO ExtensionManager] Creating instance: GitHub.Runner.Worker.EchoCommandExtension, Runner.Worker
[2025-05-18 15:52:56Z INFO ActionCommandManager] Register action command extension for command internal-set-repo-path
[2025-05-18 15:52:56Z INFO ActionCommandManager] Register action command extension for command set-env
[2025-05-18 15:52:56Z INFO ActionCommandManager] Register action command extension for command set-output
[2025-05-18 15:52:56Z INFO ActionCommandManager] Register action command extension for command save-state
[2025-05-18 15:52:56Z INFO ActionCommandManager] Register action command extension for command add-path
[2025-05-18 15:52:56Z INFO ActionCommandManager] Register action command extension for command add-mask
[2025-05-18 15:52:56Z INFO ActionCommandManager] Register action command extension for command add-matcher
[2025-05-18 15:52:56Z INFO ActionCommandManager] Register action command extension for command remove-matcher
[2025-05-18 15:52:56Z INFO ActionCommandManager] Register action command extension for command warning
[2025-05-18 15:52:56Z INFO ActionCommandManager] Register action command extension for command error
[2025-05-18 15:52:56Z INFO ActionCommandManager] Register action command extension for command notice
[2025-05-18 15:52:56Z INFO ActionCommandManager] Register action command extension for command debug
[2025-05-18 15:52:56Z INFO ActionCommandManager] Register action command extension for command group
[2025-05-18 15:52:56Z INFO ActionCommandManager] Register action command extension for command endgroup
[2025-05-18 15:52:56Z INFO ActionCommandManager] Register action command extension for command echo
[2025-05-18 15:52:56Z INFO HostContext] Well known directory 'Bin': 'D:\facultate\idp\IDP_PROJECT\actions-runner\bin'
[2025-05-18 15:52:56Z INFO HostContext] Well known directory 'Root': 'D:\facultate\idp\IDP_PROJECT\actions-runner'
[2025-05-18 15:52:56Z INFO HostContext] Well known directory 'Externals': 'D:\facultate\idp\IDP_PROJECT\actions-runner\externals'
[2025-05-18 15:52:56Z INFO ProcessInvokerWrapper] Starting process:
[2025-05-18 15:52:56Z INFO ProcessInvokerWrapper]   File name: 'D:\facultate\idp\IDP_PROJECT\actions-runner\externals\node20\bin\node.exe'
[2025-05-18 15:52:56Z INFO ProcessInvokerWrapper]   Arguments: '"D:\facultate\idp\IDP_PROJECT\actions-runner\_work\_actions\actions\checkout\v3\dist/index.js"'
[2025-05-18 15:52:56Z INFO ProcessInvokerWrapper]   Working directory: 'D:\facultate\idp\IDP_PROJECT\actions-runner\_work\IDP_PROJECT\IDP_PROJECT'
[2025-05-18 15:52:56Z INFO ProcessInvokerWrapper]   Require exit code zero: 'False'
[2025-05-18 15:52:56Z INFO ProcessInvokerWrapper]   Encoding web name: utf-8 ; code page: '65001'
[2025-05-18 15:52:56Z INFO ProcessInvokerWrapper]   Force kill process on cancellation: 'False'
[2025-05-18 15:52:56Z INFO ProcessInvokerWrapper]   Redirected STDIN: 'False'
[2025-05-18 15:52:56Z INFO ProcessInvokerWrapper]   Persist current code page: 'True'
[2025-05-18 15:52:56Z INFO ProcessInvokerWrapper]   Keep redirected STDIN open: 'False'
[2025-05-18 15:52:56Z INFO ProcessInvokerWrapper]   High priority process: 'False'
[2025-05-18 15:52:56Z INFO ProcessInvokerWrapper] Process started with process id 24124, waiting for process exit.
[2025-05-18 15:52:56Z INFO JobServerQueue] Got a step log file to send to results service.
[2025-05-18 15:52:56Z INFO JobServerQueue] Starting upload of step log file to results service ResultsLog, D:\facultate\idp\IDP_PROJECT\actions-runner\_diag\blocks\b243b287-df9c-4b74-8642-4257c7f9729e_df3aa23d-f1ca-465f-be5f-06b408bfeab7.1
[2025-05-18 15:52:56Z INFO JobServerQueue] Try to upload 1 log files or attachments, success rate: 1/1.
[2025-05-18 15:52:56Z INFO AddMaskCommandExtension] Add new secret mask with length of 76
[2025-05-18 15:52:56Z INFO JobServerQueue] Try to append 1 batches web console lines for record '6a40fea7-292e-4bdd-b32b-d3450d678a52', success rate: 1/1.
[2025-05-18 15:52:57Z INFO JobServerQueue] Try to append 1 batches web console lines for record '6a40fea7-292e-4bdd-b32b-d3450d678a52', success rate: 1/1.
[2025-05-18 15:52:57Z INFO JobServerQueue] Tried to upload 1 file(s) to results, success rate: 1/1.
[2025-05-18 15:52:57Z INFO JobServerQueue] Try to append 1 batches web console lines for record '6a40fea7-292e-4bdd-b32b-d3450d678a52', success rate: 1/1.
[2025-05-18 15:52:57Z INFO JobServerQueue] Try to append 1 batches web console lines for record '6a40fea7-292e-4bdd-b32b-d3450d678a52', success rate: 1/1.
[2025-05-18 15:52:58Z INFO JobServerQueue] Try to append 1 batches web console lines for record '6a40fea7-292e-4bdd-b32b-d3450d678a52', success rate: 1/1.
[2025-05-18 15:52:58Z INFO JobServerQueue] Try to append 1 batches web console lines for record '6a40fea7-292e-4bdd-b32b-d3450d678a52', success rate: 1/1.
[2025-05-18 15:52:58Z INFO JobServerQueue] Try to append 1 batches web console lines for record '6a40fea7-292e-4bdd-b32b-d3450d678a52', success rate: 1/1.
[2025-05-18 15:52:59Z INFO ProcessInvokerWrapper] STDOUT/STDERR stream read finished.
[2025-05-18 15:52:59Z INFO ProcessInvokerWrapper] STDOUT/STDERR stream read finished.
[2025-05-18 15:52:59Z INFO ProcessInvokerWrapper] Finished process 24124 with exit code 0, and elapsed time 00:00:03.2252942.
[2025-05-18 15:52:59Z INFO CreateStepSummaryCommand] Step Summary file (D:\facultate\idp\IDP_PROJECT\actions-runner\_work\_temp\_runner_file_commands\step_summary_8070ebea-c880-496f-8d0c-d271da9e67b5) is empty; skipping attachment upload
[2025-05-18 15:52:59Z INFO StepsRunner] Step result: 
[2025-05-18 15:52:59Z INFO ExecutionContext] Publish step telemetry for current step {
  "action": "actions/checkout",
  "ref": "v3",
  "type": "node20",
  "stage": "Main",
  "stepId": "6a40fea7-292e-4bdd-b32b-d3450d678a52",
  "stepContextName": "__actions_checkout",
  "hasPreStep": false,
  "hasPostStep": true,
  "result": "succeeded",
  "errorMessages": [],
  "executionTimeInSeconds": 4,
  "startTime": "2025-05-18T15:52:56.5446895Z",
  "finishTime": "2025-05-18T15:52:59.8219989Z"
}.
[2025-05-18 15:52:59Z INFO StepsRunner] No need for updating job result with current step result 'Succeeded'.
[2025-05-18 15:52:59Z INFO StepsRunner] Current state: job state = ''
[2025-05-18 15:52:59Z INFO StepsRunner] Processing step: DisplayName='Run deployment script'
[2025-05-18 15:52:59Z INFO StepsRunner] Evaluating: success()
[2025-05-18 15:52:59Z INFO StepsRunner] Result: true
[2025-05-18 15:52:59Z INFO StepsRunner] Starting the step.
[2025-05-18 15:52:59Z INFO HostContext] Well known directory 'Bin': 'D:\facultate\idp\IDP_PROJECT\actions-runner\bin'
[2025-05-18 15:52:59Z INFO HostContext] Well known directory 'Root': 'D:\facultate\idp\IDP_PROJECT\actions-runner'
[2025-05-18 15:52:59Z INFO HostContext] Well known directory 'Work': 'D:\facultate\idp\IDP_PROJECT\actions-runner\_work'
[2025-05-18 15:52:59Z INFO StepsRunner] Which2: 'chcp'
[2025-05-18 15:52:59Z INFO StepsRunner] Location: 'C:\WINDOWS\system32\chcp.COM'
[2025-05-18 15:52:59Z INFO ProcessInvokerWrapper] Starting process:
[2025-05-18 15:52:59Z INFO ProcessInvokerWrapper]   File name: 'C:\WINDOWS\system32\chcp.COM'
[2025-05-18 15:52:59Z INFO ProcessInvokerWrapper]   Arguments: '65001'
[2025-05-18 15:52:59Z INFO ProcessInvokerWrapper]   Working directory: 'D:\facultate\idp\IDP_PROJECT\actions-runner\_work'
[2025-05-18 15:52:59Z INFO ProcessInvokerWrapper]   Require exit code zero: 'False'
[2025-05-18 15:52:59Z INFO ProcessInvokerWrapper]   Encoding web name:  ; code page: ''
[2025-05-18 15:52:59Z INFO ProcessInvokerWrapper]   Force kill process on cancellation: 'False'
[2025-05-18 15:52:59Z INFO ProcessInvokerWrapper]   Redirected STDIN: 'False'
[2025-05-18 15:52:59Z INFO ProcessInvokerWrapper]   Persist current code page: 'True'
[2025-05-18 15:52:59Z INFO ProcessInvokerWrapper]   Keep redirected STDIN open: 'False'
[2025-05-18 15:52:59Z INFO ProcessInvokerWrapper]   High priority process: 'False'
[2025-05-18 15:52:59Z INFO ProcessInvokerWrapper] Process started with process id 3688, waiting for process exit.
[2025-05-18 15:52:59Z INFO ProcessInvokerWrapper] STDOUT/STDERR stream read finished.
[2025-05-18 15:52:59Z INFO ProcessInvokerWrapper] STDOUT/STDERR stream read finished.
[2025-05-18 15:52:59Z INFO ProcessInvokerWrapper] Finished process 3688 with exit code 0, and elapsed time 00:00:00.0055908.
[2025-05-18 15:52:59Z INFO StepsRunner] Successfully returned to code page 65001 (UTF8)
[2025-05-18 15:52:59Z INFO HostContext] Well known directory 'Bin': 'D:\facultate\idp\IDP_PROJECT\actions-runner\bin'
[2025-05-18 15:52:59Z INFO HostContext] Well known directory 'Root': 'D:\facultate\idp\IDP_PROJECT\actions-runner'
[2025-05-18 15:52:59Z INFO HostContext] Well known directory 'Work': 'D:\facultate\idp\IDP_PROJECT\actions-runner\_work'
[2025-05-18 15:52:59Z INFO HostContext] Well known directory 'Temp': 'D:\facultate\idp\IDP_PROJECT\actions-runner\_work\_temp'
[2025-05-18 15:52:59Z INFO ExecutionContext] Write event payload to D:\facultate\idp\IDP_PROJECT\actions-runner\_work\_temp\_github_workflow\event.json
[2025-05-18 15:52:59Z INFO HostContext] Well known directory 'Bin': 'D:\facultate\idp\IDP_PROJECT\actions-runner\bin'
[2025-05-18 15:52:59Z INFO HostContext] Well known directory 'Root': 'D:\facultate\idp\IDP_PROJECT\actions-runner'
[2025-05-18 15:52:59Z INFO HostContext] Well known directory 'Work': 'D:\facultate\idp\IDP_PROJECT\actions-runner\_work'
[2025-05-18 15:52:59Z INFO HostContext] Well known directory 'Temp': 'D:\facultate\idp\IDP_PROJECT\actions-runner\_work\_temp'
[2025-05-18 15:52:59Z INFO ExtensionManager] Getting extensions for interface: 'GitHub.Runner.Worker.IFileCommandExtension'
[2025-05-18 15:52:59Z INFO ExtensionManager] Getting extensions for interface: 'GitHub.Runner.Worker.IActionCommandExtension'
[2025-05-18 15:52:59Z INFO ActionCommandManager] Register action command extension for command internal-set-repo-path
[2025-05-18 15:52:59Z INFO ActionCommandManager] Register action command extension for command set-env
[2025-05-18 15:52:59Z INFO ActionCommandManager] Register action command extension for command set-output
[2025-05-18 15:52:59Z INFO ActionCommandManager] Register action command extension for command save-state
[2025-05-18 15:52:59Z INFO ActionCommandManager] Register action command extension for command add-path
[2025-05-18 15:52:59Z INFO ActionCommandManager] Register action command extension for command add-mask
[2025-05-18 15:52:59Z INFO ActionCommandManager] Register action command extension for command add-matcher
[2025-05-18 15:52:59Z INFO ActionCommandManager] Register action command extension for command remove-matcher
[2025-05-18 15:52:59Z INFO ActionCommandManager] Register action command extension for command warning
[2025-05-18 15:52:59Z INFO ActionCommandManager] Register action command extension for command error
[2025-05-18 15:52:59Z INFO ActionCommandManager] Register action command extension for command notice
[2025-05-18 15:52:59Z INFO ActionCommandManager] Register action command extension for command debug
[2025-05-18 15:52:59Z INFO ActionCommandManager] Register action command extension for command group
[2025-05-18 15:52:59Z INFO ActionCommandManager] Register action command extension for command endgroup
[2025-05-18 15:52:59Z INFO ActionCommandManager] Register action command extension for command echo
[2025-05-18 15:52:59Z INFO ScriptHandler] Which2: 'pwsh'
[2025-05-18 15:52:59Z INFO ScriptHandler] pwsh: command not found. Make sure 'pwsh' is installed and its location included in the 'Path' environment variable.
[2025-05-18 15:52:59Z INFO ScriptHandler] Defaulting to powershell
[2025-05-18 15:52:59Z INFO ScriptHandler] Which2: 'powershell'
[2025-05-18 15:52:59Z INFO ScriptHandler] Location: 'C:\WINDOWS\System32\WindowsPowerShell\v1.0\powershell.EXE'
[2025-05-18 15:52:59Z INFO HostContext] Well known directory 'Bin': 'D:\facultate\idp\IDP_PROJECT\actions-runner\bin'
[2025-05-18 15:52:59Z INFO HostContext] Well known directory 'Root': 'D:\facultate\idp\IDP_PROJECT\actions-runner'
[2025-05-18 15:52:59Z INFO HostContext] Well known directory 'Work': 'D:\facultate\idp\IDP_PROJECT\actions-runner\_work'
[2025-05-18 15:52:59Z INFO HostContext] Well known directory 'Temp': 'D:\facultate\idp\IDP_PROJECT\actions-runner\_work\_temp'
[2025-05-18 15:52:59Z INFO ScriptHandler] Which2: 'pwsh'
[2025-05-18 15:52:59Z INFO ScriptHandler] pwsh: command not found. Make sure 'pwsh' is installed and its location included in the 'Path' environment variable.
[2025-05-18 15:52:59Z INFO ScriptHandler] Defaulting to powershell
[2025-05-18 15:52:59Z INFO ScriptHandler] Which2: 'powershell'
[2025-05-18 15:52:59Z INFO ScriptHandler] Location: 'C:\WINDOWS\System32\WindowsPowerShell\v1.0\powershell.EXE'
[2025-05-18 15:52:59Z INFO ProcessInvokerWrapper] Starting process:
[2025-05-18 15:52:59Z INFO ProcessInvokerWrapper]   File name: 'C:\WINDOWS\System32\WindowsPowerShell\v1.0\powershell.EXE'
[2025-05-18 15:52:59Z INFO ProcessInvokerWrapper]   Arguments: '-command ". 'D:\facultate\idp\IDP_PROJECT\actions-runner\_work\_temp\bf055d24-0f41-4ec3-8282-120333505047.ps1'"'
[2025-05-18 15:52:59Z INFO ProcessInvokerWrapper]   Working directory: 'D:\facultate\idp\IDP_PROJECT\actions-runner\_work\IDP_PROJECT\IDP_PROJECT'
[2025-05-18 15:52:59Z INFO ProcessInvokerWrapper]   Require exit code zero: 'False'
[2025-05-18 15:52:59Z INFO ProcessInvokerWrapper]   Encoding web name:  ; code page: ''
[2025-05-18 15:52:59Z INFO ProcessInvokerWrapper]   Force kill process on cancellation: 'False'
[2025-05-18 15:52:59Z INFO ProcessInvokerWrapper]   Redirected STDIN: 'False'
[2025-05-18 15:52:59Z INFO ProcessInvokerWrapper]   Persist current code page: 'True'
[2025-05-18 15:52:59Z INFO ProcessInvokerWrapper]   Keep redirected STDIN open: 'False'
[2025-05-18 15:52:59Z INFO ProcessInvokerWrapper]   High priority process: 'False'
[2025-05-18 15:52:59Z INFO ProcessInvokerWrapper] Process started with process id 33000, waiting for process exit.
[2025-05-18 15:52:59Z INFO JobServerQueue] Try to append 1 batches web console lines for record '6a40fea7-292e-4bdd-b32b-d3450d678a52', success rate: 1/1.
[2025-05-18 15:52:59Z INFO JobServerQueue] Try to append 1 batches web console lines for record 'c863c1e8-9f6a-4979-ab15-dab85fd96fe4', success rate: 1/1.
[2025-05-18 15:53:00Z INFO JobServerQueue] Got a step log file to send to results service.
[2025-05-18 15:53:00Z INFO JobServerQueue] Starting upload of step log file to results service ResultsLog, D:\facultate\idp\IDP_PROJECT\actions-runner\_diag\blocks\b243b287-df9c-4b74-8642-4257c7f9729e_6a40fea7-292e-4bdd-b32b-d3450d678a52.1
[2025-05-18 15:53:00Z INFO JobServerQueue] Try to upload 1 log files or attachments, success rate: 1/1.
[2025-05-18 15:53:00Z INFO ProcessInvokerWrapper] STDOUT/STDERR stream read finished.
[2025-05-18 15:53:00Z INFO ProcessInvokerWrapper] STDOUT/STDERR stream read finished.
[2025-05-18 15:53:00Z INFO ProcessInvokerWrapper] Finished process 33000 with exit code 0, and elapsed time 00:00:00.9303371.
[2025-05-18 15:53:00Z INFO CreateStepSummaryCommand] Step Summary file (D:\facultate\idp\IDP_PROJECT\actions-runner\_work\_temp\_runner_file_commands\step_summary_2feffe4a-52b7-425f-a7d3-c08465e753d2) is empty; skipping attachment upload
[2025-05-18 15:53:00Z INFO StepsRunner] Step result: 
[2025-05-18 15:53:00Z INFO ExecutionContext] Publish step telemetry for current step {
  "action": "powershell",
  "type": "run",
  "stage": "Main",
  "stepId": "c863c1e8-9f6a-4979-ab15-dab85fd96fe4",
  "stepContextName": "__run",
  "result": "succeeded",
  "errorMessages": [],
  "executionTimeInSeconds": 1,
  "startTime": "2025-05-18T15:52:59.8225633Z",
  "finishTime": "2025-05-18T15:53:00.7818209Z"
}.
[2025-05-18 15:53:00Z INFO StepsRunner] No need for updating job result with current step result 'Succeeded'.
[2025-05-18 15:53:00Z INFO StepsRunner] Current state: job state = ''
[2025-05-18 15:53:00Z INFO StepsRunner] Processing step: DisplayName='Post Checkout code'
[2025-05-18 15:53:00Z INFO StepsRunner] Evaluating: always()
[2025-05-18 15:53:00Z INFO StepsRunner] Result: true
[2025-05-18 15:53:00Z INFO StepsRunner] Starting the step.
[2025-05-18 15:53:00Z INFO HostContext] Well known directory 'Bin': 'D:\facultate\idp\IDP_PROJECT\actions-runner\bin'
[2025-05-18 15:53:00Z INFO HostContext] Well known directory 'Root': 'D:\facultate\idp\IDP_PROJECT\actions-runner'
[2025-05-18 15:53:00Z INFO HostContext] Well known directory 'Work': 'D:\facultate\idp\IDP_PROJECT\actions-runner\_work'
[2025-05-18 15:53:00Z INFO StepsRunner] Which2: 'chcp'
[2025-05-18 15:53:00Z INFO StepsRunner] Location: 'C:\WINDOWS\system32\chcp.COM'
[2025-05-18 15:53:00Z INFO ProcessInvokerWrapper] Starting process:
[2025-05-18 15:53:00Z INFO ProcessInvokerWrapper]   File name: 'C:\WINDOWS\system32\chcp.COM'
[2025-05-18 15:53:00Z INFO ProcessInvokerWrapper]   Arguments: '65001'
[2025-05-18 15:53:00Z INFO ProcessInvokerWrapper]   Working directory: 'D:\facultate\idp\IDP_PROJECT\actions-runner\_work'
[2025-05-18 15:53:00Z INFO ProcessInvokerWrapper]   Require exit code zero: 'False'
[2025-05-18 15:53:00Z INFO ProcessInvokerWrapper]   Encoding web name:  ; code page: ''
[2025-05-18 15:53:00Z INFO ProcessInvokerWrapper]   Force kill process on cancellation: 'False'
[2025-05-18 15:53:00Z INFO ProcessInvokerWrapper]   Redirected STDIN: 'False'
[2025-05-18 15:53:00Z INFO ProcessInvokerWrapper]   Persist current code page: 'True'
[2025-05-18 15:53:00Z INFO ProcessInvokerWrapper]   Keep redirected STDIN open: 'False'
[2025-05-18 15:53:00Z INFO ProcessInvokerWrapper]   High priority process: 'False'
[2025-05-18 15:53:00Z INFO ProcessInvokerWrapper] Process started with process id 16584, waiting for process exit.
[2025-05-18 15:53:00Z INFO ProcessInvokerWrapper] STDOUT/STDERR stream read finished.
[2025-05-18 15:53:00Z INFO ProcessInvokerWrapper] STDOUT/STDERR stream read finished.
[2025-05-18 15:53:00Z INFO ProcessInvokerWrapper] Finished process 16584 with exit code 0, and elapsed time 00:00:00.0056242.
[2025-05-18 15:53:00Z INFO StepsRunner] Successfully returned to code page 65001 (UTF8)
[2025-05-18 15:53:00Z INFO HostContext] Well known directory 'Bin': 'D:\facultate\idp\IDP_PROJECT\actions-runner\bin'
[2025-05-18 15:53:00Z INFO HostContext] Well known directory 'Root': 'D:\facultate\idp\IDP_PROJECT\actions-runner'
[2025-05-18 15:53:00Z INFO HostContext] Well known directory 'Work': 'D:\facultate\idp\IDP_PROJECT\actions-runner\_work'
[2025-05-18 15:53:00Z INFO HostContext] Well known directory 'Actions': 'D:\facultate\idp\IDP_PROJECT\actions-runner\_work\_actions'
[2025-05-18 15:53:00Z INFO ActionManager] Load action that reference repository from 'D:\facultate\idp\IDP_PROJECT\actions-runner\_work\_actions\actions\checkout\v3'
[2025-05-18 15:53:00Z INFO HostContext] Well known directory 'Bin': 'D:\facultate\idp\IDP_PROJECT\actions-runner\bin'
[2025-05-18 15:53:00Z INFO HostContext] Well known directory 'Root': 'D:\facultate\idp\IDP_PROJECT\actions-runner'
[2025-05-18 15:53:00Z INFO HostContext] Well known directory 'Work': 'D:\facultate\idp\IDP_PROJECT\actions-runner\_work'
[2025-05-18 15:53:00Z INFO HostContext] Well known directory 'Actions': 'D:\facultate\idp\IDP_PROJECT\actions-runner\_work\_actions'
[2025-05-18 15:53:00Z INFO ActionManifestManager] Loaded action.yml file: {
  "name": "Checkout",
  "description": "Checkout a Git repository at a particular version",
  "inputs": {
    "type": 2,
    "map": [
      {
        "key": {
          "type": 0,
          "file": 2,
          "line": 4,
          "col": 3,
          "lit": "repository"
        },
        "value": {
          "type": 3,
          "file": 2,
          "line": 6,
          "col": 14,
          "expr": "github.repository"
        }
      },
      {
        "key": {
          "type": 0,
          "file": 2,
          "line": 7,
          "col": 3,
          "lit": "ref"
        },
        "value": ""
      },
      {
        "key": {
          "type": 0,
          "file": 2,
          "line": 12,
          "col": 3,
          "lit": "token"
        },
        "value": {
          "type": 3,
          "file": 2,
          "line": 24,
          "col": 14,
          "expr": "github.token"
        }
      },
      {
        "key": {
          "type": 0,
          "file": 2,
          "line": 25,
          "col": 3,
          "lit": "ssh-key"
        },
        "value": ""
      },
      {
        "key": {
          "type": 0,
          "file": 2,
          "line": 37,
          "col": 3,
          "lit": "ssh-known-hosts"
        },
        "value": ""
      },
      {
        "key": {
          "type": 0,
          "file": 2,
          "line": 42,
          "col": 3,
          "lit": "ssh-strict"
        },
        "value": {
          "type": 0,
          "file": 2,
          "line": 47,
          "col": 14,
          "lit": "true"
        }
      },
      {
        "key": {
          "type": 0,
          "file": 2,
          "line": 48,
          "col": 3,
          "lit": "persist-credentials"
        },
        "value": {
          "type": 0,
          "file": 2,
          "line": 50,
          "col": 14,
          "lit": "true"
        }
      },
      {
        "key": {
          "type": 0,
          "file": 2,
          "line": 51,
          "col": 3,
          "lit": "path"
        },
        "value": ""
      },
      {
        "key": {
          "type": 0,
          "file": 2,
          "line": 53,
          "col": 3,
          "lit": "clean"
        },
        "value": {
          "type": 0,
          "file": 2,
          "line": 55,
          "col": 14,
          "lit": "true"
        }
      },
      {
        "key": {
          "type": 0,
          "file": 2,
          "line": 56,
          "col": 3,
          "lit": "sparse-checkout"
        },
        "value": {
          "type": 0,
          "file": 2,
          "line": 60,
          "col": 14,
          "lit": ""
        }
      },
      {
        "key": {
          "type": 0,
          "file": 2,
          "line": 61,
          "col": 3,
          "lit": "sparse-checkout-cone-mode"
        },
        "value": {
          "type": 0,
          "file": 2,
          "line": 64,
          "col": 14,
          "lit": "true"
        }
      },
      {
        "key": {
          "type": 0,
          "file": 2,
          "line": 65,
          "col": 3,
          "lit": "fetch-depth"
        },
        "value": {
          "type": 0,
          "file": 2,
          "line": 67,
          "col": 14,
          "lit": "1"
        }
      },
      {
        "key": {
          "type": 0,
          "file": 2,
          "line": 68,
          "col": 3,
          "lit": "fetch-tags"
        },
        "value": {
          "type": 0,
          "file": 2,
          "line": 70,
          "col": 14,
          "lit": "false"
        }
      },
      {
        "key": {
          "type": 0,
          "file": 2,
          "line": 71,
          "col": 3,
          "lit": "lfs"
        },
        "value": {
          "type": 0,
          "file": 2,
          "line": 73,
          "col": 14,
          "lit": "false"
        }
      },
      {
        "key": {
          "type": 0,
          "file": 2,
          "line": 74,
          "col": 3,
          "lit": "submodules"
        },
        "value": {
          "type": 0,
          "file": 2,
          "line": 82,
          "col": 14,
          "lit": "false"
        }
      },
      {
        "key": {
          "type": 0,
          "file": 2,
          "line": 83,
          "col": 3,
          "lit": "set-safe-directory"
        },
        "value": {
          "type": 0,
          "file": 2,
          "line": 85,
          "col": 14,
          "lit": "true"
        }
      },
      {
        "key": {
          "type": 0,
          "file": 2,
          "line": 86,
          "col": 3,
          "lit": "github-server-url"
        },
        "value": ""
      }
    ]
  },
  "execution": {
    "executionType": "nodeJS",
    "hasPre": false,
    "hasPost": true,
    "script": "dist/index.js",
    "pre": null,
    "post": "dist/index.js",
    "nodeVersion": "node16",
    "cleanupCondition": "always()",
    "initCondition": "always()"
  },
  "deprecated": null
}
[2025-05-18 15:53:00Z INFO ActionManager] Action pre node.js file: N/A.
[2025-05-18 15:53:00Z INFO ActionManager] Action node.js file: dist/index.js.
[2025-05-18 15:53:00Z INFO ActionManager] Action post node.js file: dist/index.js.
[2025-05-18 15:53:00Z INFO HostContext] Well known directory 'Bin': 'D:\facultate\idp\IDP_PROJECT\actions-runner\bin'
[2025-05-18 15:53:00Z INFO HostContext] Well known directory 'Root': 'D:\facultate\idp\IDP_PROJECT\actions-runner'
[2025-05-18 15:53:00Z INFO HostContext] Well known directory 'Work': 'D:\facultate\idp\IDP_PROJECT\actions-runner\_work'
[2025-05-18 15:53:00Z INFO HostContext] Well known directory 'Temp': 'D:\facultate\idp\IDP_PROJECT\actions-runner\_work\_temp'
[2025-05-18 15:53:00Z INFO ExecutionContext] Write event payload to D:\facultate\idp\IDP_PROJECT\actions-runner\_work\_temp\_github_workflow\event.json
[2025-05-18 15:53:00Z INFO HostContext] Well known directory 'Bin': 'D:\facultate\idp\IDP_PROJECT\actions-runner\bin'
[2025-05-18 15:53:00Z INFO HostContext] Well known directory 'Root': 'D:\facultate\idp\IDP_PROJECT\actions-runner'
[2025-05-18 15:53:00Z INFO HostContext] Well known directory 'Work': 'D:\facultate\idp\IDP_PROJECT\actions-runner\_work'
[2025-05-18 15:53:00Z INFO HostContext] Well known directory 'Temp': 'D:\facultate\idp\IDP_PROJECT\actions-runner\_work\_temp'
[2025-05-18 15:53:00Z INFO ExtensionManager] Getting extensions for interface: 'GitHub.Runner.Worker.IFileCommandExtension'
[2025-05-18 15:53:00Z INFO ActionManifestManager] Input 'repository': default value evaluate result: {
  "type": 0,
  "file": 2,
  "line": 6,
  "col": 14,
  "lit": "ultracln/IDP_PROJECT"
}
[2025-05-18 15:53:00Z INFO ActionManifestManager] Input 'ref': default value evaluate result: ""
[2025-05-18 15:53:00Z INFO ActionManifestManager] Input 'token': default value evaluate result: {
  "type": 0,
  "file": 2,
  "line": 24,
  "col": 14,
  "lit": "***"
}
[2025-05-18 15:53:00Z INFO ActionManifestManager] Input 'ssh-key': default value evaluate result: ""
[2025-05-18 15:53:00Z INFO ActionManifestManager] Input 'ssh-known-hosts': default value evaluate result: ""
[2025-05-18 15:53:00Z INFO ActionManifestManager] Input 'ssh-strict': default value evaluate result: {
  "type": 0,
  "file": 2,
  "line": 47,
  "col": 14,
  "lit": "true"
}
[2025-05-18 15:53:00Z INFO ActionManifestManager] Input 'persist-credentials': default value evaluate result: {
  "type": 0,
  "file": 2,
  "line": 50,
  "col": 14,
  "lit": "true"
}
[2025-05-18 15:53:00Z INFO ActionManifestManager] Input 'path': default value evaluate result: ""
[2025-05-18 15:53:00Z INFO ActionManifestManager] Input 'clean': default value evaluate result: {
  "type": 0,
  "file": 2,
  "line": 55,
  "col": 14,
  "lit": "true"
}
[2025-05-18 15:53:00Z INFO ActionManifestManager] Input 'sparse-checkout': default value evaluate result: {
  "type": 0,
  "file": 2,
  "line": 60,
  "col": 14,
  "lit": ""
}
[2025-05-18 15:53:00Z INFO ActionManifestManager] Input 'sparse-checkout-cone-mode': default value evaluate result: {
  "type": 0,
  "file": 2,
  "line": 64,
  "col": 14,
  "lit": "true"
}
[2025-05-18 15:53:00Z INFO ActionManifestManager] Input 'fetch-depth': default value evaluate result: {
  "type": 0,
  "file": 2,
  "line": 67,
  "col": 14,
  "lit": "1"
}
[2025-05-18 15:53:00Z INFO ActionManifestManager] Input 'fetch-tags': default value evaluate result: {
  "type": 0,
  "file": 2,
  "line": 70,
  "col": 14,
  "lit": "false"
}
[2025-05-18 15:53:00Z INFO ActionManifestManager] Input 'lfs': default value evaluate result: {
  "type": 0,
  "file": 2,
  "line": 73,
  "col": 14,
  "lit": "false"
}
[2025-05-18 15:53:00Z INFO ActionManifestManager] Input 'submodules': default value evaluate result: {
  "type": 0,
  "file": 2,
  "line": 82,
  "col": 14,
  "lit": "false"
}
[2025-05-18 15:53:00Z INFO ActionManifestManager] Input 'set-safe-directory': default value evaluate result: {
  "type": 0,
  "file": 2,
  "line": 85,
  "col": 14,
  "lit": "true"
}
[2025-05-18 15:53:00Z INFO ActionManifestManager] Input 'github-server-url': default value evaluate result: ""
[2025-05-18 15:53:00Z INFO ExtensionManager] Getting extensions for interface: 'GitHub.Runner.Worker.IActionCommandExtension'
[2025-05-18 15:53:00Z INFO ActionCommandManager] Register action command extension for command internal-set-repo-path
[2025-05-18 15:53:00Z INFO ActionCommandManager] Register action command extension for command set-env
[2025-05-18 15:53:00Z INFO ActionCommandManager] Register action command extension for command set-output
[2025-05-18 15:53:00Z INFO ActionCommandManager] Register action command extension for command save-state
[2025-05-18 15:53:00Z INFO ActionCommandManager] Register action command extension for command add-path
[2025-05-18 15:53:00Z INFO ActionCommandManager] Register action command extension for command add-mask
[2025-05-18 15:53:00Z INFO ActionCommandManager] Register action command extension for command add-matcher
[2025-05-18 15:53:00Z INFO ActionCommandManager] Register action command extension for command remove-matcher
[2025-05-18 15:53:00Z INFO ActionCommandManager] Register action command extension for command warning
[2025-05-18 15:53:00Z INFO ActionCommandManager] Register action command extension for command error
[2025-05-18 15:53:00Z INFO ActionCommandManager] Register action command extension for command notice
[2025-05-18 15:53:00Z INFO ActionCommandManager] Register action command extension for command debug
[2025-05-18 15:53:00Z INFO ActionCommandManager] Register action command extension for command group
[2025-05-18 15:53:00Z INFO ActionCommandManager] Register action command extension for command endgroup
[2025-05-18 15:53:00Z INFO ActionCommandManager] Register action command extension for command echo
[2025-05-18 15:53:00Z INFO HostContext] Well known directory 'Bin': 'D:\facultate\idp\IDP_PROJECT\actions-runner\bin'
[2025-05-18 15:53:00Z INFO HostContext] Well known directory 'Root': 'D:\facultate\idp\IDP_PROJECT\actions-runner'
[2025-05-18 15:53:00Z INFO HostContext] Well known directory 'Externals': 'D:\facultate\idp\IDP_PROJECT\actions-runner\externals'
[2025-05-18 15:53:00Z INFO ProcessInvokerWrapper] Starting process:
[2025-05-18 15:53:00Z INFO ProcessInvokerWrapper]   File name: 'D:\facultate\idp\IDP_PROJECT\actions-runner\externals\node20\bin\node.exe'
[2025-05-18 15:53:00Z INFO ProcessInvokerWrapper]   Arguments: '"D:\facultate\idp\IDP_PROJECT\actions-runner\_work\_actions\actions\checkout\v3\dist/index.js"'
[2025-05-18 15:53:00Z INFO ProcessInvokerWrapper]   Working directory: 'D:\facultate\idp\IDP_PROJECT\actions-runner\_work\IDP_PROJECT\IDP_PROJECT'
[2025-05-18 15:53:00Z INFO ProcessInvokerWrapper]   Require exit code zero: 'False'
[2025-05-18 15:53:00Z INFO ProcessInvokerWrapper]   Encoding web name: utf-8 ; code page: '65001'
[2025-05-18 15:53:00Z INFO ProcessInvokerWrapper]   Force kill process on cancellation: 'False'
[2025-05-18 15:53:00Z INFO ProcessInvokerWrapper]   Redirected STDIN: 'False'
[2025-05-18 15:53:00Z INFO ProcessInvokerWrapper]   Persist current code page: 'True'
[2025-05-18 15:53:00Z INFO ProcessInvokerWrapper]   Keep redirected STDIN open: 'False'
[2025-05-18 15:53:00Z INFO ProcessInvokerWrapper]   High priority process: 'False'
[2025-05-18 15:53:00Z INFO ProcessInvokerWrapper] Process started with process id 6028, waiting for process exit.
[2025-05-18 15:53:00Z INFO JobServerQueue] Try to append 1 batches web console lines for record 'f7830268-e16a-4ff1-bc63-c3bbcc7cd3c9', success rate: 1/1.
[2025-05-18 15:53:00Z INFO AddMaskCommandExtension] Add new secret mask with length of 32
[2025-05-18 15:53:01Z INFO JobServerQueue] Tried to upload 1 file(s) to results, success rate: 1/1.
[2025-05-18 15:53:01Z INFO JobServerQueue] Try to append 1 batches web console lines for record 'f7830268-e16a-4ff1-bc63-c3bbcc7cd3c9', success rate: 1/1.
[2025-05-18 15:53:01Z INFO JobServerQueue] Try to append 1 batches web console lines for record 'f7830268-e16a-4ff1-bc63-c3bbcc7cd3c9', success rate: 1/1.
[2025-05-18 15:53:01Z INFO JobServerQueue] Try to upload 1 log files or attachments, success rate: 1/1.
[2025-05-18 15:53:02Z INFO JobServerQueue] Got a step log file to send to results service.
[2025-05-18 15:53:02Z INFO JobServerQueue] Starting upload of step log file to results service ResultsLog, D:\facultate\idp\IDP_PROJECT\actions-runner\_diag\blocks\b243b287-df9c-4b74-8642-4257c7f9729e_c863c1e8-9f6a-4979-ab15-dab85fd96fe4.1
[2025-05-18 15:53:02Z INFO ProcessInvokerWrapper] STDOUT/STDERR stream read finished.
[2025-05-18 15:53:02Z INFO ProcessInvokerWrapper] STDOUT/STDERR stream read finished.
[2025-05-18 15:53:02Z INFO ProcessInvokerWrapper] Finished process 6028 with exit code 0, and elapsed time 00:00:01.4418327.
[2025-05-18 15:53:02Z INFO CreateStepSummaryCommand] Step Summary file (D:\facultate\idp\IDP_PROJECT\actions-runner\_work\_temp\_runner_file_commands\step_summary_77d93e1e-2084-4643-b258-bf50b0496e0b) is empty; skipping attachment upload
[2025-05-18 15:53:02Z INFO StepsRunner] Step result: 
[2025-05-18 15:53:02Z INFO ExecutionContext] Publish step telemetry for current step {
  "action": "actions/checkout",
  "ref": "v3",
  "type": "node20",
  "stage": "Post",
  "stepId": "f7830268-e16a-4ff1-bc63-c3bbcc7cd3c9",
  "result": "succeeded",
  "errorMessages": [],
  "executionTimeInSeconds": 2,
  "startTime": "2025-05-18T15:53:00.7828401Z",
  "finishTime": "2025-05-18T15:53:02.2452958Z"
}.
[2025-05-18 15:53:02Z INFO StepsRunner] No need for updating job result with current step result 'Succeeded'.
[2025-05-18 15:53:02Z INFO StepsRunner] Current state: job state = ''
[2025-05-18 15:53:02Z INFO JobRunner] Finalize job.
[2025-05-18 15:53:02Z INFO HostContext] Well known directory 'Bin': 'D:\facultate\idp\IDP_PROJECT\actions-runner\bin'
[2025-05-18 15:53:02Z INFO HostContext] Well known directory 'Root': 'D:\facultate\idp\IDP_PROJECT\actions-runner'
[2025-05-18 15:53:02Z INFO HostContext] Well known directory 'Diag': 'D:\facultate\idp\IDP_PROJECT\actions-runner\_diag'
[2025-05-18 15:53:02Z INFO HostContext] Well known directory 'Bin': 'D:\facultate\idp\IDP_PROJECT\actions-runner\bin'
[2025-05-18 15:53:02Z INFO HostContext] Well known directory 'Root': 'D:\facultate\idp\IDP_PROJECT\actions-runner'
[2025-05-18 15:53:02Z INFO HostContext] Well known directory 'Diag': 'D:\facultate\idp\IDP_PROJECT\actions-runner\_diag'
[2025-05-18 15:53:02Z INFO JobExtension] Initialize Env context
[2025-05-18 15:53:02Z INFO JobExtension] Initialize steps context
[2025-05-18 15:53:02Z INFO JobExtension] Total accessible running process: 407.
[2025-05-18 15:53:02Z INFO JobExtension] Inspecting process environment variables. PID: 36112 (OpenWith)
[2025-05-18 15:53:02Z INFO JobExtension] Inspecting process environment variables. PID: 26744 (conhost)
[2025-05-18 15:53:02Z WARN JobExtension] Ignore exception during read process environment variables: Cannot process request because the process (26744) has exited.
[2025-05-18 15:53:02Z INFO ExecutionContext] Publish step telemetry for current step {
  "action": "complete_job",
  "type": "runner",
  "stage": "Post",
  "stepId": "02a9b458-ed3d-4ed6-9427-1d9b7c9f9753",
  "result": "succeeded",
  "errorMessages": [],
  "executionTimeInSeconds": 1,
  "startTime": "2025-05-18T15:53:02.2480336Z",
  "finishTime": "2025-05-18T15:53:02.2795928Z"
}.
[2025-05-18 15:53:02Z INFO JobRunner] Job result after all job steps finish: Succeeded
[2025-05-18 15:53:02Z INFO JobRunner] Completing the job execution context.
[2025-05-18 15:53:02Z INFO JobRunner] Shutting down the job server queue.
[2025-05-18 15:53:02Z INFO JobServerQueue] Fire signal to shutdown all queues.
[2025-05-18 15:53:02Z INFO JobServerQueue] Tried to upload 1 file(s) to results, success rate: 1/1.
[2025-05-18 15:53:03Z INFO JobServerQueue] All queue process task stopped.
[2025-05-18 15:53:03Z INFO JobServerQueue] Try to append 1 batches web console lines for record '02a9b458-ed3d-4ed6-9427-1d9b7c9f9753', success rate: 1/1.
[2025-05-18 15:53:03Z INFO JobServerQueue] Web console line queue drained.
[2025-05-18 15:53:03Z INFO JobServerQueue] Uploading 3 files in one shot.
[2025-05-18 15:53:03Z INFO JobServerQueue] Try to upload 3 log files or attachments, success rate: 3/3.
[2025-05-18 15:53:03Z INFO JobServerQueue] File upload queue drained.
[2025-05-18 15:53:03Z INFO JobServerQueue] Starting results-based upload queue...
[2025-05-18 15:53:03Z INFO JobServerQueue] Uploading 3 file(s) in one shot through results service.
[2025-05-18 15:53:03Z INFO JobServerQueue] Got a step log file to send to results service.
[2025-05-18 15:53:03Z INFO JobServerQueue] Starting upload of step log file to results service ResultsLog, D:\facultate\idp\IDP_PROJECT\actions-runner\_diag\blocks\b243b287-df9c-4b74-8642-4257c7f9729e_f7830268-e16a-4ff1-bc63-c3bbcc7cd3c9.1
[2025-05-18 15:53:04Z INFO JobServerQueue] Got a step log file to send to results service.
[2025-05-18 15:53:04Z INFO JobServerQueue] Starting upload of step log file to results service ResultsLog, D:\facultate\idp\IDP_PROJECT\actions-runner\_diag\blocks\b243b287-df9c-4b74-8642-4257c7f9729e_02a9b458-ed3d-4ed6-9427-1d9b7c9f9753.1
[2025-05-18 15:53:04Z INFO JobServerQueue] Got a job log file to send to results service.
[2025-05-18 15:53:04Z INFO JobServerQueue] Starting upload of job log file to results service ResultsLog, D:\facultate\idp\IDP_PROJECT\actions-runner\_diag\blocks\b243b287-df9c-4b74-8642-4257c7f9729e_5d9257a8-0c8a-5997-b651-30d8c613c357.1
[2025-05-18 15:53:04Z INFO JobServerQueue] Tried to upload 3 file(s) to results, success rate: 3/3.
[2025-05-18 15:53:04Z INFO JobServerQueue] Results upload queue drained.
[2025-05-18 15:53:05Z INFO JobServerQueue] Timeline update queue drained.
[2025-05-18 15:53:05Z INFO JobServerQueue] Disposing job server ...
[2025-05-18 15:53:05Z INFO JobServerQueue] Disposing results server ...
[2025-05-18 15:53:05Z INFO JobServerQueue] All queue process tasks have been stopped, and all queues are drained.
[2025-05-18 15:53:05Z INFO TempDirectoryManager] Cleaning runner temp folder: D:\facultate\idp\IDP_PROJECT\actions-runner\_work\_temp
[2025-05-18 15:53:05Z INFO HostContext] Well known directory 'Bin': 'D:\facultate\idp\IDP_PROJECT\actions-runner\bin'
[2025-05-18 15:53:05Z INFO HostContext] Well known directory 'Root': 'D:\facultate\idp\IDP_PROJECT\actions-runner'
[2025-05-18 15:53:05Z INFO HostContext] Well known directory 'Diag': 'D:\facultate\idp\IDP_PROJECT\actions-runner\_diag'
[2025-05-18 15:53:05Z INFO HostContext] Well known config file 'Telemetry': 'D:\facultate\idp\IDP_PROJECT\actions-runner\_diag\.telemetry'
[2025-05-18 15:53:05Z INFO JobRunner] Raising job completed against run service
[2025-05-18 15:53:05Z INFO Worker] Job completed.
